live_race_id,player_tag,player_name,clan_tag,clan_name,current_fame,current_decks_used,decks_used_today,currently_member,previous_wars_count,last_3_avg_fame,last_3_avg_decks,last_2_avg_decks,last_3_avg_efficiency,last_5_participation_rate,last_5_full_participation_rate,previous_war_fame,previous_war_decks,fame_trend,last_3_fame_std,last_3_decks_std,previous_clan_score,last_3_avg_clan_score,cluster,archetype_name,model_eligible,prediction_tier,rotation_eligible,linear_predicted_fame,participation_probability,predicted_participation,predicted_active_decks,predicted_efficiency,hard_predicted_fame,expected_predicted_fame,final_predicted_fame,daily_participation_weight,capacity_adjusted_fame,expected_daily_fame,active_day_fame_potential,reliability_score,optimization_score,rotation_rank,recommended_status
Y9202P9U-20260914-section-1,#QJPGQPU,Storm,#Y9202P9U,Galactic Kings,0,0,0,1,10.0,2916.6666666666665,16.0,16.0,182.29166666666663,1.0,1.0,2150.0,16.0,-1050.0,671.4412359494562,0.0,9864,9790.666666666666,1.0,Reliable High Performer,True,ml_model,1,2547.7242458324013,0.7557192543016239,1.0,14.615843915343918,182.29166666666663,2664.346547067901,2013.4979857512608,2606.035396450151,0.7774353861764167,2680.9216826173447,651.5088491125377,862.1043402084691,0.7557192543016239,651.5164063050807,1,START
Y9202P9U-20260914-section-1,#C9Q20CLGY,❤️ Ana Luiza ❤️,#Y9202P9U,Galactic Kings,0,0,0,1,1.0,2500.0,12.0,12.0,208.33333333333337,1.0,0.0,2500.0,12.0,0.0,,,9864,9790.666666666666,,Not Enough History,False,limited_history,1,,1.0,,,,,,2500.0,1.0,2500.0,625.0,625.0,1.0,625.01,2,START
Y9202P9U-20260914-section-1,#ULVP8GRR0,Sightless™ I 強的,#Y9202P9U,Galactic Kings,0,0,0,0,3.0,3150.0,14.666666666666666,14.0,215.625,1.0,0.6666666666666666,2700.0,12.0,-550.0,409.2676385936225,2.3094010767585034,9864,9790.666666666666,,Not Enough History,True,ml_model,1,2295.792119174706,0.7238030966575887,1.0,11.87349254449254,215.625,2560.221829906204,1853.0964886164688,2428.0069745404553,0.7446020949746622,2497.777487005118,607.0017436351138,838.6282767207746,0.7238030966575887,607.0089816660804,3,START
Y9202P9U-20260914-section-1,#P8JUY99V,The Jonkler,#Y9202P9U,Galactic Kings,0,0,0,1,10.0,2983.3333333333335,14.666666666666666,14.0,200.69444444444449,1.0,0.6,2050.0,12.0,-1250.0,822.0908303425682,2.3094010767585034,9864,9790.666666666666,1.0,Reliable High Performer,True,ml_model,1,2382.8086198295587,0.6941710733623053,1.0,11.479854737854732,200.69444444444449,2303.9430689166797,1599.3306331155354,2343.375844373119,0.7141185743515889,2410.714420939675,585.8439610932797,843.9475275967212,0.6941710733623053,585.8509028040133,4,START
Y9202P9U-20260914-section-1,#U8Q9CGYU,⚡Agustin⚡,#Y9202P9U,Galactic Kings,0,0,0,0,10.0,2983.3333333333335,14.666666666666666,14.0,203.81944444444449,1.0,0.4,2500.0,12.0,-1000.0,500.83264004389065,2.3094010767585034,9864,9790.666666666666,1.0,Reliable High Performer,True,ml_model,1,2222.239850233582,0.8350015298489201,1.0,11.85016426166426,203.81944444444449,2415.2938963878205,2016.7740985185892,2318.766873310701,0.8589958944686358,2385.39829353864,579.6917183276753,694.2403068801096,0.8350015298489201,579.7000683429737,5,START
Y9202P9U-20260914-section-1,#8R8CYV8QP,Esdeath,#Y9202P9U,Galactic Kings,0,0,0,1,6.0,2750.0,14.666666666666666,16.0,187.5,1.0,0.4,2600.0,16.0,-800.0,589.4913061275798,2.3094010767585034,9864,9790.666666666666,1.0,Reliable High Performer,True,ml_model,1,2382.6184117086004,0.8619716790218874,1.0,11.98410485810486,187.5,2247.019660894661,1936.867309896563,2314.8190363016306,0.886741050117605,2381.3370126168716,578.7047590754077,671.3732865702575,0.8619716790218874,578.7133787921979,6,START
Y9202P9U-20260914-section-1,#C222JLCG,⭐PRO⭐,#Y9202P9U,Galactic Kings,0,0,0,0,1.0,2300.0,12.0,12.0,191.66666666666663,1.0,0.0,2300.0,12.0,0.0,,,9864,9790.666666666666,,Not Enough History,False,limited_history,1,,1.0,,,,,,2300.0,1.0,2300.0,575.0,575.0,1.0,575.01,7,START
Y9202P9U-20260914-section-1,#9GLQUU0C,aattcc,#Y9202P9U,Galactic Kings,0,0,0,1,8.0,2800.0,13.333333333333334,12.0,210.41666666666663,1.0,0.4,1700.0,8.0,-1600.0,953.9392014169456,4.618802153517006,9864,9790.666666666666,1.0,Reliable High Performer,True,ml_model,1,2029.561933167602,0.5042466699297167,1.0,12.072798460798452,210.41666666666663,2540.3180094596737,1280.946896832527,2284.9399713136377,0.5187365577012519,2350.599351381818,571.2349928284094,1132.8483198670003,0.5042466699297167,571.2400352951087,8,START
Y9202P9U-20260914-section-1,#U8L88PUJU,for nothing!,#Y9202P9U,Galactic Kings,0,0,0,1,10.0,3050.0,14.666666666666666,14.0,209.375,1.0,0.4,2700.0,12.0,-350.0,350.0,2.3094010767585034,9864,9790.666666666666,1.0,Reliable High Performer,True,ml_model,1,2182.295580874013,0.8607911789816352,1.0,11.385399350649354,209.375,2383.8179890422084,2051.9694972652733,2283.0567849581107,0.8855266275665705,2348.6620503229688,570.7641962395277,663.0692904111472,0.8607911789816352,570.7728041513175,9,START
Y9202P9U-20260914-section-1,#22UC0QQGU,E17,#Y9202P9U,Galactic Kings,0,0,0,0,10.0,2833.3333333333335,14.666666666666666,14.0,191.66666666666663,1.0,0.4,2100.0,12.0,-800.0,702.3769168568493,2.3094010767585034,9864,9790.666666666666,0.0,Inconsistent Contributor,True,ml_model,1,2207.5432980505393,0.7213187428882443,1.0,12.234335571835569,191.66666666666663,2344.91431793515,1691.4306479936272,2276.228807992845,0.7420463515275088,2341.637866568777,569.0572019982112,788.9122632799473,0.7213187428882443,569.0644151856401,10,START
Y9202P9U-20260914-section-1,#J98LL9CU,Deadication,#Y9202P9U,Galactic Kings,0,0,0,0,10.0,2850.0,14.666666666666666,14.0,193.75,1.0,0.4,2250.0,12.0,-550.0,626.4982043070834,2.3094010767585034,9864,9790.666666666666,1.0,Reliable High Performer,True,ml_model,1,2172.8631853617935,0.7609467234828564,1.0,12.2755816035816,193.75,2378.3939356939354,1809.8310725177955,2275.6285605278645,0.782813070413657,2341.0203705646963,568.9071401319661,747.6307112908979,0.7609467234828564,568.914749599201,11,START
Y9202P9U-20260914-section-1,#2P9LU2YUU,Drew62,#Y9202P9U,Galactic Kings,0,0,0,1,10.0,2866.6666666666665,14.666666666666666,14.0,196.5277777777778,1.0,0.4,2500.0,12.0,-100.0,550.7570547286102,2.3094010767585034,9864,9790.666666666666,1.0,Reliable High Performer,True,ml_model,1,2119.6464351867544,0.8656787836888115,1.0,12.17097077922078,196.5277777777778,2391.9338406385286,2070.646377828069,2255.7901379126415,0.8905546810816457,2320.6118767236208,563.9475344781604,651.4512601025978,0.8656787836888115,563.9561912659973,12,START
Y9202P9U-20260914-section-1,#JPGLC99VU,BigRys,#Y9202P9U,Galactic Kings,0,0,0,1,10.0,2866.6666666666665,14.666666666666666,14.0,195.48611111111111,1.0,0.4,2350.0,12.0,-400.0,583.8093296045664,2.3094010767585034,9864,9790.666666666666,1.0,Reliable High Performer,True,ml_model,1,2156.4279677552613,0.7995543773745375,1.0,12.023223424723422,195.48611111111111,2350.373190319197,1879.2511727834703,2253.40057903723,0.8225301427812016,2318.1536521692997,563.3501447593075,704.5801520206246,0.7995543773745375,563.3581403030812,13,START
Y9202P9U-20260914-section-1,#CUJ0YVLL9,FF｜Soxee™,#Y9202P9U,Galactic Kings,0,0,0,1,10.0,2633.3333333333335,14.666666666666666,16.0,179.51388888888889,1.0,0.6,2400.0,16.0,-950.0,633.1139971074193,2.3094010767585034,9864,9790.666666666666,1.0,Reliable High Performer,True,ml_model,1,2349.748272141621,0.7913796039954287,1.0,11.96144889369889,179.51388888888889,2147.2462076535853,1699.2868534935806,2248.4972398976033,0.8141204614574603,2313.109412081634,562.1243099744008,710.309322019939,0.7913796039954287,562.1322237704408,14,START
Y9202P9U-20260914-section-1,#2VYLGPPUV,Nadir,#Y9202P9U,Galactic Kings,0,0,0,1,10.0,2733.3333333333335,14.666666666666666,14.0,184.375,1.0,0.4,1950.0,12.0,-1350.0,700.5949852327901,2.3094010767585034,9864,9790.666666666666,1.0,Reliable High Performer,True,ml_model,1,2173.4062914013,0.6538370645590552,1.0,12.33574562474562,184.375,2274.4030995624735,1487.0890462419443,2223.904695481887,0.6726255390325728,2287.8101833587116,555.9761738704717,850.3283218509791,0.6538370645590552,555.9827122411173,15,START
Y9202P9U-20260914-section-1,#Q0GVLRRU,Cobrito❤️Moni,#Y9202P9U,Galactic Kings,0,0,0,1,10.0,2783.3333333333335,14.666666666666666,14.0,190.625,1.0,0.4,2400.0,12.0,-650.0,340.3429642777023,2.3094010767585034,9864,9790.666666666666,1.0,Reliable High Performer,True,ml_model,1,2035.4313113961805,0.7537877952377667,1.0,12.532924963924964,190.625,2389.0888212481964,1800.8659951958728,2212.2600663221883,0.7754484252585274,2275.830937473257,553.0650165805471,733.7144751807691,0.7537877952377667,553.0725544584994,16,START
Y9202P9U-20260914-section-1,#8RQCGY8CQ,GK｜Logan,#Y9202P9U,Galactic Kings,0,0,0,1,14.0,2300.0,10.666666666666666,8.0,217.36111111111111,1.0,0.2,2500.0,12.0,1600.0,1311.4877048604,6.110100926607787,9864,9790.666666666666,0.0,Inconsistent Contributor,True,ml_model,1,1751.670658943475,0.7100135361806843,1.0,12.21158429533429,217.36111111111111,2654.3235308608564,1884.605636314116,2202.997094902166,0.7304162816404867,2266.301787961616,550.7492737255415,775.6884138972059,0.7100135361806843,550.7563738609033,17,START
Y9202P9U-20260914-section-1,#Y2G9LJVGY,Agent,#Y9202P9U,Galactic Kings,0,0,0,1,7.0,2750.0,14.666666666666666,14.0,188.54166666666663,1.0,0.4,2400.0,12.0,-550.0,304.138126514911,2.3094010767585034,9864,9790.666666666666,1.0,Reliable High Performer,True,ml_model,1,1998.338800141551,0.8270265856106628,1.0,12.662250360750363,188.54166666666663,2387.361786766475,1974.411667126849,2192.850293454013,0.8507917845186591,2255.863410935494,548.2125733635032,662.8717660372575,0.8270265856106628,548.2208436293594,18,START
Y9202P9U-20260914-section-1,#Y992UG9P2,Seto Kaiba｜波多黎各,#Y9202P9U,Galactic Kings,0,0,0,1,10.0,2666.6666666666665,13.333333333333334,12.0,199.30555555555551,1.0,0.2,2300.0,12.0,-100.0,550.7570547286102,2.3094010767585034,9864,9790.666666666666,1.0,Reliable High Performer,True,ml_model,1,2002.1920629924475,0.8861762513786602,1.0,11.836919931919928,199.30555555555551,2359.1639030979295,2090.635024035172,2180.6779830451887,0.911641158127705,2243.3413205037914,545.1694957612972,615.1930780283888,0.8861762513786602,545.178357523811,19,START
Y9202P9U-20260914-section-1,#Q9JURC8RG,reaperwarrior,#Y9202P9U,Galactic Kings,0,0,0,1,12.0,2666.6666666666665,13.333333333333334,12.0,200.0,1.0,0.2,2450.0,12.0,100.0,464.5786621588785,2.3094010767585034,9864,9790.666666666666,0.0,Inconsistent Contributor,True,ml_model,1,1956.952890548502,0.8908434398756795,1.0,11.860164400414398,200.0,2372.0328800828797,2113.1099303912474,2164.4928853156907,0.9164424616155874,2226.6911324451803,541.1232213289227,607.4279689419259,0.8908434398756795,541.1321297633215,20,START
Y9202P9U-20260914-section-1,#2UVCJPPG,Alim,#Y9202P9U,Galactic Kings,0,0,0,1,10.0,2666.6666666666665,13.333333333333334,14.0,202.08333333333337,1.0,0.2,2600.0,12.0,-300.0,208.16659994661327,2.3094010767585034,9864,9790.666666666666,1.0,Reliable High Performer,True,ml_model,1,1978.3556157550336,0.9133633482559014,1.0,11.375868446368443,202.08333333333337,2298.8734152036236,2099.7067197268607,2138.6145154793285,0.9396094956279928,2200.0691291908893,534.6536288698321,585.3679479155492,0.9133633482559014,534.6627625033146,21,START
Y9202P9U-20260914-section-1,#88YRCPUPY,『AL』L - in,#Y9202P9U,Galactic Kings,0,0,4,1,5.0,2150.0,10.666666666666666,14.0,186.11111111111111,1.0,0.2,2500.0,12.0,-900.0,1456.8802284333465,6.110100926607787,9864,9790.666666666666,,Not Enough History,True,ml_model,1,2210.7726963469604,0.8062825205316615,1.0,11.066375679875684,186.11111111111111,2059.5754737546413,1660.599704204083,2135.174085050801,0.8294516239315565,2196.529835539721,533.7935212627002,662.04277988157,0.8062825205316615,533.8015840879056,22,START
Y9202P9U-20260914-section-1,#PVJ80LQU,ProB,#Y9202P9U,Galactic Kings,0,0,0,1,10.0,2600.0,14.666666666666666,14.0,175.3472222222222,1.0,0.4,1850.0,12.0,-1550.0,776.2087348130012,2.3094010767585034,9864,9790.666666666666,1.0,Reliable High Performer,True,ml_model,1,2117.9748748179863,0.6859754982451303,1.0,12.257998556998556,175.3472222222222,2149.4059969737045,1474.439849705108,2133.6904358958454,0.7056874935369987,2195.003552667917,533.4226089739614,777.6117519336605,0.6859754982451303,533.4294687289438,23,START
Y9202P9U-20260914-section-1,#Q0Y9VUQG9,Jenner8,#Y9202P9U,Galactic Kings,0,0,0,1,10.0,2450.0,16.0,16.0,153.125,1.0,0.8,2200.0,16.0,-50.0,390.51248379533274,0.0,9864,9790.666666666666,1.0,Reliable High Performer,True,ml_model,1,2086.4329311472993,0.7680150675046904,1.0,14.229489417989422,153.125,2178.89056712963,1673.420785999396,2132.661749138465,0.790084528343256,2193.945305862736,533.1654372846162,694.2122099464672,0.7680150675046904,533.1731174352913,24,START
Y9202P9U-20260914-section-1,#8UR9GLUG,shriyawn,#Y9202P9U,Galactic Kings,0,0,0,1,10.0,2633.3333333333335,14.666666666666666,14.0,179.16666666666666,1.0,0.4,2100.0,12.0,-750.0,464.5786621588785,2.3094010767585034,9864,9790.666666666666,1.0,Reliable High Performer,True,ml_model,1,1999.882072887024,0.8424731255728642,1.0,12.59907535057535,179.16666666666666,2257.33433364475,1901.7435115286312,2128.608203265887,0.8666821918256703,2189.7752784578583,532.1520508164717,631.654630472182,0.8424731255728642,532.1604755477274,25,START
Y9202P9U-20260914-section-1,#8YGLJYV92,Akren,#Y9202P9U,Galactic Kings,0,0,0,1,7.0,2633.3333333333335,14.666666666666666,14.0,178.125,1.0,0.6,1950.0,12.0,-1250.0,633.1139971074193,2.3094010767585034,9864,9790.666666666666,1.0,Reliable High Performer,True,ml_model,1,2095.1069284691102,0.6769836176528381,1.0,11.96943314093314,178.125,2132.0552782287155,1443.3664952911042,2113.5811033489126,0.6964372248414088,2174.316364104987,528.3952758372282,780.5141248014555,0.6769836176528381,528.4020456734047,26,START
Y9202P9U-20260914-section-1,#2LPQUJV8Q,寒冰法師❦tzu,#Y9202P9U,Galactic Kings,0,0,0,0,9.0,2616.6666666666665,14.666666666666666,14.0,178.4722222222222,1.0,0.4,2150.0,12.0,-1050.0,534.6338310781813,2.3094010767585034,9864,9790.666666666666,1.0,Reliable High Performer,True,ml_model,1,2012.571021451059,0.8542228662394825,1.0,12.323831603581604,178.4722222222222,2199.461612583661,1878.8304028849288,2106.01631701736,0.8787695696721785,2166.534198241756,526.50407925434,616.3544668057784,0.8542228662394825,526.5126214830024,27,START
Y9202P9U-20260914-section-1,#GQYVYQ82,AM♣️Joma,#Y9202P9U,Galactic Kings,0,0,0,1,10.0,2533.3333333333335,14.666666666666666,14.0,173.61111111111111,1.0,0.4,2200.0,12.0,0.0,577.3502691896258,2.3094010767585034,9864,9790.666666666666,1.0,Reliable High Performer,True,ml_model,1,1920.4899663364135,0.8485515922434584,1.0,12.99980081955082,173.61111111111111,2256.9098645053505,1915.1044590759832,2088.699915420882,0.8729353275721995,2148.720197492516,522.1749788552205,615.3721042166202,0.8485515922434584,522.1834643711429,28,START
Y9202P9U-20260914-section-1,#9RU0GR8J,LionGalaxy,#Y9202P9U,Galactic Kings,0,0,0,0,9.0,2566.6666666666665,13.333333333333334,14.0,192.36111111111111,0.8,0.2,2100.0,12.0,-1000.0,503.32229568471666,2.3094010767585034,9864,9790.666666666666,0.0,Inconsistent Contributor,True,ml_model,1,1804.9880784296945,0.8994130973170881,1.0,11.096522597772598,192.36111111111111,2134.53941637709,1919.832707829128,1969.763747403392,0.9252583742768546,2026.3663138423376,492.440936850848,547.5136378598208,0.8994130973170881,492.4499309818212,29,START
Y9202P9U-20260914-section-1,#PGPCJCY2,LandShark,#Y9202P9U,Galactic Kings,0,0,0,1,10.0,2333.3333333333335,12.666666666666666,12.0,183.6309523809524,1.0,0.2,1400.0,8.0,-1300.0,814.4527815247077,4.163331998932265,9864,9790.666666666666,1.0,Reliable High Performer,True,ml_model,1,1763.5527166083264,0.684937901259408,1.0,11.712613220113214,183.6309523809524,2150.798320479123,1473.1632876612305,1957.1755185437248,0.704620080461708,2013.4163532464063,489.2938796359312,714.3623950963402,0.684937901259408,489.3007290149438,30,START
Y9202P9U-20260914-section-1,#G0YVG9J9R,Pindakaas,#Y9202P9U,Galactic Kings,0,0,0,1,10.0,2366.6666666666665,12.333333333333334,10.5,190.2777777777778,0.8,0.2,1800.0,9.0,-100.0,896.2886439832502,3.511884584284246,9864,9790.666666666666,0.0,Inconsistent Contributor,True,ml_model,1,1495.0340938029265,0.8341140276766885,1.0,11.791797517297516,190.2777777777778,2243.717027596889,1871.5158468556083,1869.3755606999075,0.8580828892883736,1923.0934009806729,467.3438901749769,560.2877720168547,0.8341140276766885,467.3522313152536,31,START
Y9202P9U-20260914-section-1,#G0QQUGY,syen,#Y9202P9U,Galactic Kings,0,0,0,1,6.0,1783.3333333333333,10.666666666666666,14.0,151.38888888888889,1.0,0.2,2150.0,12.0,-650.0,1241.3030787576954,6.110100926607787,9864,9790.666666666666,0.0,Inconsistent Contributor,True,ml_model,1,1981.0679691004725,0.7764357160212646,1.0,10.76669434269434,151.38888888888889,1629.957893546782,1265.557524160508,1805.512931323627,0.7987471502019362,1857.3956333920044,451.37823283090677,581.3465603359037,0.7764357160212646,451.385997188067,32,START
Y9202P9U-20260914-section-1,#9002L2R9R,JSN✨,#Y9202P9U,Galactic Kings,0,0,0,1,7.0,2150.0,12.0,14.0,181.5972222222222,0.6,0.2,2150.0,12.0,-600.0,600.0,4.0,9864,9790.666666666666,0.0,Inconsistent Contributor,True,ml_model,1,1331.2935705101015,0.852920963104299,1.0,12.08145362045362,181.5972222222222,2193.9584178809873,1871.2731267898355,1762.6259941955443,0.8774302554216754,1813.2763095315763,440.6564985488861,516.6440005707781,0.852920963104299,440.6650277585171,33,START
Y9202P9U-20260914-section-1,#UJRR8QGUJ,The Iso Zo,#Y9202P9U,Galactic Kings,0,0,0,0,2.0,1750.0,8.0,8.0,109.375,0.5,0.5,0.0,0.0,-3500.0,2474.8737341529163,11.31370849898476,9864,9790.666666666666,,Not Enough History,False,limited_history,1,,0.5,,,,,,1750.0,0.514367856681686,1800.2874983859012,437.5,875.0,0.5,437.505,34,START
Y9202P9U-20260914-section-1,#J80LP2J0,ABRAMMP3 JR,#Y9202P9U,Galactic Kings,0,0,0,0,2.0,1725.0,10.0,10.0,168.75,1.0,0.0,2250.0,12.0,1050.0,742.4621202458749,2.8284271247461903,9864,9790.666666666666,,Not Enough History,False,limited_history,1,,1.0,,,,,,1725.0,1.0,1725.0,431.25,431.25,1.0,431.26,35,START
Y9202P9U-20260914-section-1,#9RY8GQJQU,『PHX』Marcel✨Nay,#Y9202P9U,Galactic Kings,0,0,0,0,6.0,1716.6666666666667,9.333333333333334,12.0,166.66666666666666,0.8,0.2,1350.0,8.0,-1950.0,1435.5602855099237,6.110100926607787,9864,9790.666666666666,0.0,Inconsistent Contributor,True,ml_model,1,1618.0288940626222,0.5396708739157069,1.0,10.451670579420576,166.66666666666666,1741.9450965700962,940.0770325791642,1679.9869953163593,0.5551787014591092,1728.2626200679629,419.9967488290898,778.2460924409469,0.5396708739157069,420.002145537829,36,START
Y9202P9U-20260914-section-1,#2J00R9YP,Pątbøy²¹,#Y9202P9U,Galactic Kings,0,0,0,1,,,,,,,,,,,,,9864,9790.666666666666,,Not Enough History,False,clan_baseline,1,,0.6630308943735641,,,,,,1630.932087423329,0.6820835601053431,1677.798084402652,407.73302185583225,614.9532779178579,0.6630308943735641,407.739652164776,37,START
Y9202P9U-20260914-section-1,#8PPP02LPP,I AM SOO COOL,#Y9202P9U,Galactic Kings,0,0,0,1,12.0,1650.0,8.0,12.0,137.5,0.6,0.0,2600.0,12.0,250.0,1434.398828778105,6.928203230275509,9864,9790.666666666666,0.0,Inconsistent Contributor,True,ml_model,1,1683.816035351091,0.7592067157784477,1.0,11.157685925185923,137.5,1534.1818147130648,1164.761136955325,1608.9989250320778,0.7810230623466042,1655.2346569437734,402.24973125801944,529.8289950525204,0.7592067157784477,402.2573233251772,38,START
Y9202P9U-20260914-section-1,#9RG0VPUVY,batan,#Y9202P9U,Galactic Kings,0,0,0,1,10.0,1633.3333333333333,8.0,12.0,137.5,0.8,0.2,1700.0,8.0,-1500.0,1601.0413278030435,8.0,9864,9790.666666666666,0.0,Inconsistent Contributor,True,ml_model,1,1879.6214042585432,0.5510017555233375,1.0,9.668334674584674,137.5,1329.396017755393,732.4995395689554,1604.508711006968,0.566835184032771,1650.615413415498,401.127177751742,727.996188271223,0.5510017555233375,401.13268776929726,39,START
Y9202P9U-20260914-section-1,#90PYC2P2,▁ ▂ ▃ ▄ ▅ ▆ █ Ⓓ,#Y9202P9U,Galactic Kings,0,0,0,1,10.0,1766.6666666666667,9.333333333333334,14.0,127.08333333333331,0.6,0.2,2400.0,12.0,-500.0,1550.268793897798,8.326663997864532,9864,9790.666666666666,0.0,Inconsistent Contributor,True,ml_model,1,1805.3784432305415,0.5821651792453142,1.0,10.99121165871165,127.08333333333331,1396.799814961272,813.1682146467507,1601.0891290959069,0.5988941109662437,1647.097567378818,400.2722822739767,687.5579243555359,0.5821651792453142,400.2781039257692,40,START
Y9202P9U-20260914-section-1,#8V2Q2GVGU,polski koks,#Y9202P9U,Galactic Kings,0,0,0,1,10.0,2333.3333333333335,10.666666666666666,8.0,145.83333333333334,0.6,0.4,0.0,0.0,-3500.0,2020.7259421636904,9.237604307034012,9864,9790.666666666666,0.0,Inconsistent Contributor,True,ml_model,1,1567.4467496833292,0.626369399770297,1.0,10.818969215969211,145.83333333333334,1577.7663439955104,988.264557866244,1572.60654683942,0.6443685713016837,1617.7965178027596,393.151636709855,627.6673746419158,0.626369399770297,393.1579004038527,41,START
Y9202P9U-20260914-section-1,#VQQLRRGRR,HumBleGuY,#Y9202P9U,Galactic Kings,0,0,0,0,11.0,2300.0,10.666666666666666,8.0,143.75,0.6,0.4,0.0,0.0,-3400.0,1992.4858845171275,9.237604307034012,9864,9790.666666666666,0.0,Inconsistent Contributor,True,ml_model,1,1532.5039505385607,0.6444685290568654,1.0,10.818651755651755,143.75,1555.18118987494,1002.265333855608,1543.8425702067502,0.6629877919795575,1588.205987782383,385.96064255168756,598.8820635144341,0.6444685290568654,385.9670872369781,42,START
Y9202P9U-20260914-section-1,#YP9L28LU,Thundrrun,#Y9202P9U,Galactic Kings,0,0,0,1,5.0,1750.0,9.333333333333334,6.0,122.2222222222222,0.8,0.2,1850.0,12.0,1850.0,1702.20445305492,8.326663997864532,9864,9790.666666666666,,Not Enough History,True,ml_model,1,1676.6701917829218,0.6592943336181657,1.0,11.20014947089947,122.2222222222222,1368.9071575543794,902.512732224952,1522.7886746686506,0.6782396266111127,1566.547093536918,380.69716866716266,577.4312765254945,0.6592943336181657,380.7037616104988,43,START
Y9202P9U-20260914-section-1,#9YUCJV00,MuK｜⚡Leo⚡,#Y9202P9U,Galactic Kings,0,0,0,0,10.0,2016.6666666666667,10.666666666666666,8.0,126.04166666666669,0.8,0.4,0.0,0.0,-3050.0,1746.6634860021932,9.237604307034012,9864,9790.666666666666,0.0,Inconsistent Contributor,True,ml_model,1,1516.4537706088065,0.5060320514336406,1.0,11.226376623376618,126.04166666666669,1414.991220238095,716.0309099376734,1465.7224954234507,0.5205732434163168,1507.8410769221855,366.4306238558627,724.1253252985206,0.5060320514336406,366.43568417637704,44,START
Y9202P9U-20260914-section-1,#JLCYYCY0G,Alsubaie,#Y9202P9U,Galactic Kings,0,0,0,1,4.0,1483.3333333333333,9.333333333333334,8.0,152.7777777777778,1.0,0.0,800.0,8.0,-500.0,791.0962857537212,2.3094010767585034,9864,9790.666666666666,,Not Enough History,True,ml_model,1,1414.1555735633635,0.709442912842502,1.0,9.865372192622187,152.7777777777778,1507.2096405395012,1069.2791976486442,1460.6826070514323,0.72982926103362,1502.6563637625254,365.1706517628581,514.7287331404025,0.709442912842502,365.1777461919865,45,START
Y9202P9U-20260914-section-1,#QV9YQ2JL,Boozer✨️,#Y9202P9U,Galactic Kings,0,0,0,0,10.0,1616.6666666666667,8.0,6.0,134.72222222222223,0.8,0.0,2350.0,12.0,2350.0,1402.0817855365403,6.928203230275509,9864,9790.666666666666,0.0,Inconsistent Contributor,True,ml_model,1,1561.900197767334,0.7042164873330163,1.0,10.011758056758053,134.72222222222223,1348.8062937576822,949.8516302826996,1455.353245762508,0.7244526504587787,1497.173859475193,363.838311440627,516.6569059161659,0.7042164873330163,363.84535360550035,46,START
Y9202P9U-20260914-section-1,#292LQCL92,Moath_LY,#Y9202P9U,Galactic Kings,0,0,0,0,6.0,1616.6666666666667,8.0,6.0,134.72222222222223,0.8,0.0,2500.0,12.0,2500.0,1402.0817855365403,6.928203230275509,9864,9790.666666666666,0.0,Inconsistent Contributor,True,ml_model,1,1546.1071540521586,0.7692168654444436,1.0,9.811654882154878,134.72222222222223,1321.8479494014211,1016.7877362327266,1433.97755172679,0.7913208608041267,1475.183919622721,358.4943879316975,466.0511281491001,0.7692168654444436,358.5020801003519,47,START
Y9202P9U-20260914-section-1,#GUVVPU828,Ryza,#Y9202P9U,Galactic Kings,0,0,0,1,6.0,1933.3333333333333,10.666666666666666,8.0,120.83333333333331,0.8,0.6,0.0,0.0,-2550.0,1710.506747526397,9.237604307034012,9864,9790.666666666666,0.0,Inconsistent Contributor,True,ml_model,1,1443.5411097216945,0.4613438715829317,1.0,11.378408369408366,120.83333333333331,1374.8910113035106,634.297542159334,1409.2160605126026,0.4746009168386872,1449.7108892945532,352.30401512815064,763.6473286603962,0.4613438715829317,352.30862856686645,48,START
Y9202P9U-20260914-section-1,#8QR0CRVL0,hog rider,#Y9202P9U,Galactic Kings,0,0,0,0,13.0,1383.3333333333333,8.0,8.0,174.30555555555554,1.0,0.0,700.0,4.0,-1300.0,652.5590650150631,4.0,9864,9790.666666666666,0.0,Inconsistent Contributor,True,ml_model,1,1135.9119058288795,0.7408579449039051,1.0,9.356559181559176,174.30555555555554,1630.9002462301062,1208.2654047653093,1383.4060760294929,0.7621470264516407,1423.1592364954238,345.8515190073732,466.82568687608904,0.7408579449039051,345.85892758682223,49,START
Y9202P9U-20260914-section-1,#YLLQ9V9C8,Dukeypoo❤️Zo,#Y9202P9U,Galactic Kings,0,0,0,0,9.0,1408.3333333333333,6.666666666666667,6.0,141.31944444444446,0.6,0.0,2500.0,12.0,2500.0,1279.7297891872852,6.110100926607787,9864,9790.666666666666,0.0,Inconsistent Contributor,True,ml_model,1,1220.9830916181022,0.6143002976828783,1.0,10.646955146705148,141.31944444444446,1504.62178635729,924.2896112594274,1362.8024389876962,0.6319526549561276,1401.9635392453508,340.70060974692404,554.6157327809154,0.6143002976828783,340.7067527499009,50,START
