live_race_id,player_tag,player_name,clan_tag,clan_name,current_fame,current_decks_used,decks_used_today,currently_member,previous_wars_count,last_3_avg_fame,last_3_avg_decks,last_2_avg_decks,last_3_avg_efficiency,last_5_participation_rate,last_5_full_participation_rate,previous_war_fame,previous_war_decks,fame_trend,last_3_fame_std,last_3_decks_std,previous_clan_score,last_3_avg_clan_score,cluster,archetype_name,model_eligible,prediction_tier
Y9202P9U-20260914-section-1,#2008YJPL9V,احمد مؤنس IQ,#LUG9LVC0,37XU,0,0,0,0,,,,,,,,,,,,,5037,4997.0,,Not Enough History,False,clan_baseline
Y9202P9U-20260914-section-1,#208UPR90L,SCCP I GoW!,#YV8JLPC2,ILLUMINATI 2.0,0,0,0,1,10.0,2666.6666666666665,16.0,16.0,166.66666666666666,1.0,1.0,2250.0,16.0,-350.0,453.6885862938733,0.0,4877,4890.333333333333,,Not Enough History,True,ml_model
Y9202P9U-20260914-section-1,#209JLQRPQ,Babsking,#Y9202P9U,Galactic Kings,0,0,0,1,7.0,1066.6666666666667,5.333333333333333,8.0,66.66666666666667,0.4,0.2,0.0,0.0,-3200.0,1847.5208614068024,9.237604307034013,9864,9790.666666666666,1.0,Inconsistent Contributor,True,ml_model
Y9202P9U-20260914-section-1,#20CCYL9,ThunderStruck,#LUG9LVC0,37XU,0,0,0,1,10.0,2900.0,14.333333333333334,14.0,201.25,1.0,0.4,2300.0,12.0,-1200.0,600.0,2.081665999466133,5037,4997.0,,Not Enough History,True,ml_model
Y9202P9U-20260914-section-1,#20CJQRL92,MateusR,#YV8JLPC2,ILLUMINATI 2.0,0,0,2,1,10.0,2766.6666666666665,16.0,16.0,172.91666666666666,1.0,1.0,2700.0,16.0,-100.0,57.735026918962575,0.0,4877,4890.333333333333,,Not Enough History,True,ml_model
Y9202P9U-20260914-section-1,#20CL98VLRY,LilP00f,#LUG9LVC0,37XU,0,0,0,0,1.0,75.0,1.0,1.0,75.0,1.0,0.0,75.0,1.0,0.0,,,5037,4997.0,,Not Enough History,False,limited_history
Y9202P9U-20260914-section-1,#20G2CY29L,BlackSoldier76,#9VLJRY2J,Gentleman Jack,0,0,0,1,6.0,1766.6666666666667,13.0,12.0,138.33333333333334,1.0,0.4,1950.0,12.0,200.0,175.5942292142123,1.7320508075688772,5091,5027.666666666667,,Not Enough History,True,ml_model
Y9202P9U-20260914-section-1,#20GC2V0GC8,Firensch,#LUG9LVC0,37XU,0,0,0,0,6.0,33.333333333333336,0.3333333333333333,0.5,33.333333333333336,0.2,0.0,0.0,0.0,-100.0,57.735026918962575,0.5773502691896258,5037,4997.0,,Not Enough History,True,ml_model
Y9202P9U-20260914-section-1,#20JGR88GC9,MaTrK,#YV8JLPC2,ILLUMINATI 2.0,0,0,0,1,10.0,3000.0,16.0,16.0,187.5,1.0,1.0,2800.0,16.0,-50.0,304.138126514911,0.0,4877,4890.333333333333,,Not Enough History,True,ml_model
Y9202P9U-20260914-section-1,#20V0UCQVC,▶Ryoma,#J29J90P,isao,0,0,0,1,10.0,1116.6666666666667,6.666666666666667,10.0,119.79166666666667,0.4,0.2,2550.0,16.0,1750.0,1304.1600106326423,8.32666399786453,5098,5038.0,,Not Enough History,True,ml_model
Y9202P9U-20260914-section-1,#20YCYCJL2J,⚜️CaptainJack⚜️,#9VLJRY2J,Gentleman Jack,0,0,0,1,7.0,466.6666666666667,4.0,0.0,38.88888888888889,0.4,0.0,0.0,0.0,0.0,808.290376865476,6.928203230275509,5091,5027.666666666667,,Not Enough History,True,ml_model
Y9202P9U-20260914-section-1,#20YQVYVCQV,Hbzin09,#YV8JLPC2,ILLUMINATI 2.0,0,0,0,0,,,,,,,,,,,,,4877,4890.333333333333,,Not Enough History,False,clan_baseline
Y9202P9U-20260914-section-1,#220QUL82LL,♾️,#J29J90P,isao,0,0,0,0,2.0,1700.0,10.0,10.0,143.75,1.0,0.5,400.0,4.0,-2600.0,1838.4776310850236,8.48528137423857,5098,5038.0,,Not Enough History,False,limited_history
Y9202P9U-20260914-section-1,#22U02YYQ,TAPIR,#J29J90P,isao,0,0,4,1,10.0,2400.0,10.666666666666666,16.0,150.0,0.6,0.4,3600.0,16.0,0.0,2078.460969082653,9.237604307034013,5098,5038.0,,Not Enough History,True,ml_model
Y9202P9U-20260914-section-1,#22UC0QQGU,E17,#Y9202P9U,Galactic Kings,0,0,0,0,10.0,2833.3333333333335,14.666666666666666,14.0,191.66666666666666,1.0,0.4,2100.0,12.0,-800.0,702.3769168568493,2.3094010767585034,9864,9790.666666666666,1.0,Inconsistent Contributor,True,ml_model
Y9202P9U-20260914-section-1,#289C8G22L,fufpfurdzedy,#9VLJRY2J,Gentleman Jack,0,0,0,1,6.0,1716.6666666666667,10.666666666666666,16.0,107.29166666666667,0.8,0.8,2250.0,16.0,-650.0,1521.7862311551294,9.237604307034013,5091,5027.666666666667,,Not Enough History,True,ml_model
Y9202P9U-20260914-section-1,#28L8UQV0U,YungGod,#9VLJRY2J,Gentleman Jack,0,0,0,1,8.0,2400.0,16.0,16.0,150.0,1.0,1.0,2500.0,16.0,-600.0,754.983443527075,0.0,5091,5027.666666666667,,Not Enough History,True,ml_model
Y9202P9U-20260914-section-1,#290GCG8JQ,Jan64,#9VLJRY2J,Gentleman Jack,0,0,0,0,8.0,400.0,4.0,0.0,33.333333333333336,0.4,0.0,0.0,0.0,0.0,692.8203230275509,6.928203230275509,5091,5027.666666666667,,Not Enough History,True,ml_model
Y9202P9U-20260914-section-1,#292LQCL92,Moath_LY,#Y9202P9U,Galactic Kings,0,0,0,0,6.0,1616.6666666666667,8.0,6.0,134.72222222222223,0.8,0.0,2500.0,12.0,2500.0,1402.0817855365403,6.928203230275509,9864,9790.666666666666,1.0,Inconsistent Contributor,True,ml_model
Y9202P9U-20260914-section-1,#298VL9U8,CAPT1NZK1LL3R,#LUG9LVC0,37XU,0,0,0,0,4.0,1583.3333333333333,10.333333333333334,8.0,102.01388888888887,0.75,0.5,0.0,0.0,-2550.0,1382.3289526495976,8.962886439832502,5037,4997.0,,Not Enough History,True,ml_model
Y9202P9U-20260914-section-1,#29GQUV92Q,L3W15RS,#LUG9LVC0,37XU,0,0,0,1,10.0,2883.3333333333335,14.666666666666666,14.0,197.56944444444446,0.8,0.6,2500.0,12.0,-1100.0,621.1548384528074,2.3094010767585034,5037,4997.0,,Not Enough History,True,ml_model
Y9202P9U-20260914-section-1,#29UCQ82J,Warbrook,#LUG9LVC0,37XU,0,0,0,1,9.0,150.0,1.0,0.0,50.0,0.6,0.0,0.0,0.0,0.0,259.8076211353316,1.7320508075688772,5037,4997.0,,Not Enough History,True,ml_model
Y9202P9U-20260914-section-1,#29VVCUVUJ,gustavo,#YV8JLPC2,ILLUMINATI 2.0,0,0,0,0,,,,,,,,,,,,,4877,4890.333333333333,,Not Enough History,False,clan_baseline
Y9202P9U-20260914-section-1,#2C0JYP0U2,Mr Anderson,#YV8JLPC2,ILLUMINATI 2.0,0,0,0,1,10.0,2800.0,16.0,16.0,175.0,1.0,1.0,3000.0,16.0,300.0,173.20508075688772,0.0,4877,4890.333333333333,,Not Enough History,True,ml_model
Y9202P9U-20260914-section-1,#2CCCVYGCU,mr.destructor3,#YV8JLPC2,ILLUMINATI 2.0,0,0,0,1,10.0,1850.0,10.666666666666666,8.0,115.625,0.8,0.8,2700.0,16.0,2700.0,1603.901493234544,9.237604307034013,4877,4890.333333333333,,Not Enough History,True,ml_model
Y9202P9U-20260914-section-1,#2CL09C02,Tiernan,#LUG9LVC0,37XU,0,0,0,0,,,,,,,,,,,,,5037,4997.0,,Not Enough History,False,clan_baseline
Y9202P9U-20260914-section-1,#2CQQY9Q0,Martin,#9VLJRY2J,Gentleman Jack,0,0,0,0,8.0,1416.6666666666667,10.333333333333334,8.0,90.625,0.6,0.4,0.0,0.0,-2750.0,1376.8926368215255,8.962886439832502,5091,5027.666666666667,,Not Enough History,True,ml_model
Y9202P9U-20260914-section-1,#2CU89UY,R7,#YV8JLPC2,ILLUMINATI 2.0,0,0,0,1,10.0,3033.3333333333335,16.0,16.0,189.58333333333334,1.0,1.0,2550.0,16.0,-700.0,419.32485418030416,0.0,4877,4890.333333333333,,Not Enough History,True,ml_model
Y9202P9U-20260914-section-1,#2G29YV08,DXs,#9VLJRY2J,Gentleman Jack,0,0,0,1,8.0,1733.3333333333333,10.666666666666666,16.0,108.33333333333333,0.8,0.8,2350.0,16.0,-500.0,1521.7862311551296,9.237604307034013,5091,5027.666666666667,,Not Enough History,True,ml_model
Y9202P9U-20260914-section-1,#2G2RYGV,DB!⭐️TheⓂ️uck⭐️,#9VLJRY2J,Gentleman Jack,0,0,0,0,7.0,1883.3333333333333,10.666666666666666,16.0,117.70833333333333,0.6,0.4,2650.0,16.0,-350.0,1640.375973163876,9.237604307034013,5091,5027.666666666667,,Not Enough History,True,ml_model
Y9202P9U-20260914-section-1,#2GCGCPRV,Pratts,#YV8JLPC2,ILLUMINATI 2.0,0,0,0,1,8.0,2766.6666666666665,16.0,16.0,172.91666666666666,0.6,0.6,3050.0,16.0,800.0,448.1443219916251,0.0,4877,4890.333333333333,,Not Enough History,True,ml_model
Y9202P9U-20260914-section-1,#2GRQQY899,Street spirit,#LUG9LVC0,37XU,0,0,0,1,8.0,2116.6666666666665,12.666666666666666,13.0,162.08333333333334,0.8,0.4,1300.0,10.0,-1800.0,911.5005942583545,3.055050463303893,5037,4997.0,,Not Enough History,True,ml_model
Y9202P9U-20260914-section-1,#2GU8RUQ,Kai Waa,#LUG9LVC0,37XU,0,0,0,1,1.0,0.0,0.0,0.0,0.0,0.0,0.0,0.0,0.0,0.0,,,5037,4997.0,,Not Enough History,False,limited_history
Y9202P9U-20260914-section-1,#2GYQUP02P,iiCronix,#LUG9LVC0,37XU,0,0,0,1,10.0,3066.6666666666665,16.0,16.0,191.66666666666666,1.0,0.8,2700.0,16.0,-600.0,321.4550253664318,0.0,5037,4997.0,,Not Enough History,True,ml_model
Y9202P9U-20260914-section-1,#2J00R9YP,Pątbøy²¹,#Y9202P9U,Galactic Kings,0,0,0,1,,,,,,,,,,,,,9864,9790.666666666666,,Not Enough History,False,clan_baseline
Y9202P9U-20260914-section-1,#2J9P9LYG8,りくたん,#J29J90P,isao,0,0,0,1,10.0,2150.0,10.666666666666666,16.0,134.375,0.6,0.4,3200.0,16.0,-50.0,1862.1224449536073,9.237604307034013,5098,5038.0,,Not Enough History,True,ml_model
Y9202P9U-20260914-section-1,#2JP8QV2V8,Dampfbirne,#9VLJRY2J,Gentleman Jack,0,0,0,1,4.0,1650.0,10.666666666666666,16.0,103.125,0.75,0.75,2250.0,16.0,-450.0,1446.5476141489432,9.237604307034013,5091,5027.666666666667,,Not Enough History,True,ml_model
Y9202P9U-20260914-section-1,#2LC0GGQUV,melNys,#9VLJRY2J,Gentleman Jack,0,0,0,0,1.0,0.0,0.0,0.0,0.0,0.0,0.0,0.0,0.0,0.0,,,5091,5027.666666666667,,Not Enough History,False,limited_history
Y9202P9U-20260914-section-1,#2LPQUJV8Q,寒冰法師❦tzu,#Y9202P9U,Galactic Kings,0,0,0,0,9.0,2616.6666666666665,14.666666666666666,14.0,178.4722222222222,1.0,0.4,2150.0,12.0,-1050.0,534.6338310781813,2.3094010767585034,9864,9790.666666666666,0.0,Reliable High Performer,True,ml_model
Y9202P9U-20260914-section-1,#2LRQC9JJ,Jtam,#LUG9LVC0,37XU,0,0,0,0,,,,,,,,,,,,,5037,4997.0,,Not Enough History,False,clan_baseline
Y9202P9U-20260914-section-1,#2LU2UGL29,Br4dley,#LUG9LVC0,37XU,0,0,0,1,10.0,2733.3333333333335,16.0,16.0,170.83333333333334,1.0,0.8,3100.0,16.0,500.0,321.4550253664318,0.0,5037,4997.0,,Not Enough History,True,ml_model
Y9202P9U-20260914-section-1,#2P0RCLVY2,MegaTom,#LUG9LVC0,37XU,0,0,0,1,10.0,2200.0,14.666666666666666,14.0,150.0,1.0,0.8,2300.0,16.0,500.0,360.5551275463989,2.3094010767585034,5037,4997.0,,Not Enough History,True,ml_model
Y9202P9U-20260914-section-1,#2P2LLUC99,Abra,#LUG9LVC0,37XU,0,0,0,1,10.0,2566.6666666666665,15.333333333333334,16.0,166.81547619047618,1.0,0.6,2750.0,16.0,-50.0,361.7089069035118,1.1547005383792517,5037,4997.0,,Not Enough History,True,ml_model
Y9202P9U-20260914-section-1,#2P8Y9G2CP,芝浦のもこみち,#J29J90P,isao,0,0,0,1,10.0,2016.6666666666667,10.666666666666666,16.0,126.04166666666667,0.6,0.4,2850.0,16.0,-350.0,1755.2302792891116,9.237604307034013,5098,5038.0,,Not Enough History,True,ml_model
Y9202P9U-20260914-section-1,#2P9LU2YUU,Drew62,#Y9202P9U,Galactic Kings,0,0,0,1,10.0,2866.6666666666665,14.666666666666666,14.0,196.5277777777778,1.0,0.4,2500.0,12.0,-100.0,550.7570547286102,2.3094010767585034,9864,9790.666666666666,0.0,Reliable High Performer,True,ml_model
Y9202P9U-20260914-section-1,#2P9YG8LJ0,RAIMUN60,#YV8JLPC2,ILLUMINATI 2.0,0,0,0,0,1.0,0.0,0.0,0.0,0.0,0.0,0.0,0.0,0.0,0.0,,,4877,4890.333333333333,,Not Enough History,False,limited_history
Y9202P9U-20260914-section-1,#2PQPCUVUL,⭐️letipelissari,#YV8JLPC2,ILLUMINATI 2.0,0,0,0,1,10.0,2516.6666666666665,16.0,16.0,157.29166666666666,1.0,1.0,2400.0,16.0,100.0,292.97326385411577,0.0,4877,4890.333333333333,,Not Enough History,True,ml_model
Y9202P9U-20260914-section-1,#2PQRRV0C9,ĐǤ ΔИĐЄЯSØИ,#YV8JLPC2,ILLUMINATI 2.0,0,0,0,1,10.0,2483.3333333333335,16.0,16.0,155.20833333333334,1.0,1.0,2150.0,16.0,-550.0,292.97326385411577,0.0,4877,4890.333333333333,,Not Enough History,True,ml_model
Y9202P9U-20260914-section-1,#2QG90GRPQ,⚽David,#YV8JLPC2,ILLUMINATI 2.0,0,0,0,1,7.0,2883.3333333333335,16.0,16.0,180.20833333333334,1.0,1.0,2850.0,16.0,100.0,152.75252316519467,0.0,4877,4890.333333333333,,Not Enough History,True,ml_model
Y9202P9U-20260914-section-1,#2QJ99P0LP,Alfayres,#YV8JLPC2,ILLUMINATI 2.0,0,0,0,0,1.0,0.0,0.0,0.0,0.0,0.0,0.0,0.0,0.0,0.0,,,4877,4890.333333333333,,Not Enough History,False,limited_history
Y9202P9U-20260914-section-1,#2QJCUU8C8,MK506,#Y9202P9U,Galactic Kings,0,0,0,1,2.0,450.0,4.0,4.0,112.5,1.0,0.0,500.0,4.0,100.0,70.71067811865476,0.0,9864,9790.666666666666,,Not Enough History,False,limited_history
Y9202P9U-20260914-section-1,#2QLYQ29PP,Nova I Gaetano✨,#LUG9LVC0,37XU,0,0,0,0,,,,,,,,,,,,,5037,4997.0,,Not Enough History,False,clan_baseline
Y9202P9U-20260914-section-1,#2QPL80RYP,AllanSilva,#YV8JLPC2,ILLUMINATI 2.0,0,0,0,1,1.0,3000.0,16.0,16.0,187.5,1.0,1.0,3000.0,16.0,0.0,,,4877,4890.333333333333,,Not Enough History,False,limited_history
Y9202P9U-20260914-section-1,#2R2C8UUVP,⚡carloshc⚡,#YV8JLPC2,ILLUMINATI 2.0,0,0,0,0,1.0,0.0,0.0,0.0,0.0,0.0,0.0,0.0,0.0,0.0,,,4877,4890.333333333333,,Not Enough History,False,limited_history
Y9202P9U-20260914-section-1,#2RCY9902Y,ジュン,#J29J90P,isao,0,0,0,1,10.0,1850.0,10.666666666666666,16.0,115.625,0.6,0.4,2700.0,16.0,-150.0,1603.901493234544,9.237604307034013,5098,5038.0,,Not Enough History,True,ml_model
Y9202P9U-20260914-section-1,#2RJPRL89C,Riley,#LUG9LVC0,37XU,0,0,0,1,10.0,2133.3333333333335,14.666666666666666,14.0,146.5277777777778,1.0,0.6,1900.0,12.0,-500.0,251.66114784235833,2.3094010767585034,5037,4997.0,,Not Enough History,True,ml_model
Y9202P9U-20260914-section-1,#2RLPV2QV9,TJ Trav,#LUG9LVC0,37XU,0,0,0,1,10.0,3216.6666666666665,16.0,16.0,201.04166666666666,1.0,0.6,3200.0,16.0,100.0,125.83057392117915,0.0,5037,4997.0,,Not Enough History,True,ml_model
Y9202P9U-20260914-section-1,#2RLURJQJ8,Adenondes✨愛望,#YV8JLPC2,ILLUMINATI 2.0,0,0,0,0,5.0,383.3333333333333,2.3333333333333335,3.5,54.76190476190476,0.6,0.2,0.0,0.0,-1150.0,663.9528095680697,4.041451884327381,4877,4890.333333333333,,Not Enough History,True,ml_model
Y9202P9U-20260914-section-1,#2RPVU222P,ttv btw,#LUG9LVC0,37XU,0,0,0,1,10.0,2966.6666666666665,16.0,16.0,185.41666666666666,1.0,0.8,2750.0,16.0,-200.0,225.46248764114472,0.0,5037,4997.0,,Not Enough History,True,ml_model
Y9202P9U-20260914-section-1,#2ULQP2QPQ,Agentㅣ지케이✨,#Y9202P9U,Galactic Kings,0,0,0,0,5.0,0.0,0.0,0.0,0.0,0.0,0.0,0.0,0.0,0.0,0.0,0.0,9864,9790.666666666666,,Not Enough History,True,ml_model
Y9202P9U-20260914-section-1,#2UR2YCVV8,SEUS VICIADOS,#YV8JLPC2,ILLUMINATI 2.0,0,0,0,0,1.0,0.0,0.0,0.0,0.0,0.0,0.0,0.0,0.0,0.0,,,4877,4890.333333333333,,Not Enough History,False,limited_history
Y9202P9U-20260914-section-1,#2UVCJPPG,Alim,#Y9202P9U,Galactic Kings,0,0,0,1,10.0,2666.6666666666665,13.333333333333334,14.0,202.08333333333334,1.0,0.2,2600.0,12.0,-300.0,208.16659994661327,2.3094010767585034,9864,9790.666666666666,0.0,Reliable High Performer,True,ml_model
Y9202P9U-20260914-section-1,#2UY0UQLQL,Rusvin 7,#YV8JLPC2,ILLUMINATI 2.0,0,0,0,0,8.0,566.6666666666666,5.333333333333333,6.0,108.33333333333333,0.6,0.0,400.0,4.0,-400.0,208.16659994661327,2.309401076758503,4877,4890.333333333333,,Not Enough History,True,ml_model
Y9202P9U-20260914-section-1,#2V00C0QJV,KENNEDYケネディ,#YV8JLPC2,ILLUMINATI 2.0,0,0,0,1,10.0,1900.0,12.0,14.0,155.55555555555554,1.0,0.6,2800.0,16.0,1100.0,818.535277187245,4.0,4877,4890.333333333333,,Not Enough History,True,ml_model
Y9202P9U-20260914-section-1,#2V92CYQLG,faby21,#9VLJRY2J,Gentleman Jack,0,0,0,1,4.0,1800.0,13.333333333333334,12.0,138.8888888888889,1.0,0.5,1600.0,12.0,-600.0,346.41016151377545,2.3094010767585034,5091,5027.666666666667,,Not Enough History,True,ml_model
Y9202P9U-20260914-section-1,#2VCVPUVV,vCxki,#9VLJRY2J,Gentleman Jack,0,0,0,1,6.0,2383.3333333333335,14.666666666666666,14.0,164.93055555555554,1.0,0.8,2300.0,12.0,-850.0,728.5830998131465,2.3094010767585034,5091,5027.666666666667,,Not Enough History,True,ml_model
Y9202P9U-20260914-section-1,#2VLV2V,smok3st4r,#LUG9LVC0,37XU,0,0,0,1,10.0,2316.6666666666665,13.333333333333334,12.0,168.75,0.8,0.4,1150.0,8.0,-1450.0,1053.9607835841584,4.618802153517006,5037,4997.0,,Not Enough History,True,ml_model
Y9202P9U-20260914-section-1,#2VQUPCJJR,pedro royale,#YV8JLPC2,ILLUMINATI 2.0,0,0,0,1,10.0,2650.0,16.0,16.0,165.625,1.0,1.0,2700.0,16.0,250.0,180.27756377319946,0.0,4877,4890.333333333333,,Not Enough History,True,ml_model
Y9202P9U-20260914-section-1,#2VYLGPPUV,Nadir,#Y9202P9U,Galactic Kings,0,0,0,1,10.0,2733.3333333333335,14.666666666666666,14.0,184.375,1.0,0.4,1950.0,12.0,-1350.0,700.5949852327901,2.3094010767585034,9864,9790.666666666666,0.0,Reliable High Performer,True,ml_model
Y9202P9U-20260914-section-1,#2YGRVV80L,Lucs,#LUG9LVC0,37XU,0,0,0,0,3.0,1416.6666666666667,9.333333333333334,12.0,157.29166666666666,1.0,0.3333333333333333,1200.0,8.0,-1150.0,846.0693430998037,6.110100926607787,5037,4997.0,,Not Enough History,True,ml_model
Y9202P9U-20260914-section-1,#2YRG9U98J,Theseus,#LUG9LVC0,37XU,0,0,0,1,10.0,2583.3333333333335,14.666666666666666,14.0,177.43055555555554,1.0,0.6,2300.0,12.0,-350.0,256.58007197234423,2.3094010767585034,5037,4997.0,,Not Enough History,True,ml_model
Y9202P9U-20260914-section-1,#2YU90RUQQ,Mole,#LUG9LVC0,37XU,0,0,0,1,10.0,2966.6666666666665,16.0,16.0,185.41666666666666,0.8,0.6,2550.0,16.0,-550.0,368.55573979159965,0.0,5037,4997.0,,Not Enough History,True,ml_model
Y9202P9U-20260914-section-1,#802JPV9YU,ビクティニ,#J29J90P,isao,0,0,0,1,6.0,2016.6666666666667,10.666666666666666,16.0,126.04166666666667,0.6,0.4,2950.0,16.0,-150.0,1748.0942003603047,9.237604307034013,5098,5038.0,,Not Enough History,True,ml_model
Y9202P9U-20260914-section-1,#80PJV02V0,ミスター老人,#J29J90P,isao,0,0,0,0,10.0,1416.6666666666667,6.666666666666667,10.0,129.16666666666666,0.6,0.2,650.0,4.0,-2950.0,1918.5497995447845,8.32666399786453,5098,5038.0,,Not Enough History,True,ml_model
Y9202P9U-20260914-section-1,#80PPGPGC,Tobi393,#9VLJRY2J,Gentleman Jack,0,0,0,0,5.0,1433.3333333333333,9.333333333333334,14.0,101.04166666666667,0.8,0.2,1650.0,12.0,-1000.0,1338.2202110763883,8.326663997864532,5091,5027.666666666667,,Not Enough History,True,ml_model
Y9202P9U-20260914-section-1,#82LJJUUJ,子供は要らないお腹に出す,#J29J90P,isao,0,0,0,1,7.0,1983.3333333333333,10.666666666666666,16.0,123.95833333333333,0.6,0.4,2900.0,16.0,-150.0,1719.2537140670465,9.237604307034013,5098,5038.0,,Not Enough History,True,ml_model
Y9202P9U-20260914-section-1,#82LY8YR90,裏切りやん,#J29J90P,isao,0,0,0,1,9.0,1850.0,10.666666666666666,16.0,115.625,0.6,0.4,2650.0,16.0,-250.0,1607.0158679988197,9.237604307034013,5098,5038.0,,Not Enough History,True,ml_model
Y9202P9U-20260914-section-1,#882C2UVRP,Ford Prefect,#9VLJRY2J,Gentleman Jack,0,0,0,1,8.0,2166.6666666666665,14.666666666666666,16.0,143.75,1.0,0.8,2650.0,16.0,0.0,837.1578903249574,2.3094010767585034,5091,5027.666666666667,,Not Enough History,True,ml_model
Y9202P9U-20260914-section-1,#889P0CLGL,Aziu,#YV8JLPC2,ILLUMINATI 2.0,0,0,0,1,7.0,2600.0,16.0,16.0,162.5,1.0,0.8,2500.0,16.0,-150.0,86.60254037844386,0.0,4877,4890.333333333333,,Not Enough History,True,ml_model
Y9202P9U-20260914-section-1,#88RLJG09Q,brenno,#YV8JLPC2,ILLUMINATI 2.0,0,0,0,1,,,,,,,,,,,,,4877,4890.333333333333,,Not Enough History,False,clan_baseline
Y9202P9U-20260914-section-1,#88YPQYJU8,Arthur,#YV8JLPC2,ILLUMINATI 2.0,0,0,0,0,1.0,0.0,0.0,0.0,0.0,0.0,0.0,0.0,0.0,0.0,,,4877,4890.333333333333,,Not Enough History,False,limited_history
Y9202P9U-20260914-section-1,#88YRCPUPY,『AL』L - in,#Y9202P9U,Galactic Kings,0,0,4,1,5.0,2150.0,10.666666666666666,14.0,186.11111111111111,1.0,0.2,2500.0,12.0,-900.0,1456.8802284333465,6.110100926607787,9864,9790.666666666666,,Not Enough History,True,ml_model
Y9202P9U-20260914-section-1,#89CJJPVV,Reco,#9VLJRY2J,Gentleman Jack,0,0,4,1,7.0,2483.3333333333335,16.0,16.0,155.20833333333334,1.0,1.0,2250.0,16.0,-350.0,202.07259421636903,0.0,5091,5027.666666666667,,Not Enough History,True,ml_model
Y9202P9U-20260914-section-1,#89QYUU0,Ian,#LUG9LVC0,37XU,0,0,0,0,10.0,1100.0,5.333333333333333,8.0,68.75,0.2,0.2,3300.0,16.0,3300.0,1905.255888325765,9.237604307034013,5037,4997.0,,Not Enough History,True,ml_model
Y9202P9U-20260914-section-1,#89YVJCGQL,♤♧H9♧♤,#YV8JLPC2,ILLUMINATI 2.0,0,0,0,1,10.0,2766.6666666666665,16.0,16.0,172.91666666666666,1.0,1.0,2950.0,16.0,250.0,160.72751268321593,0.0,4877,4890.333333333333,,Not Enough History,True,ml_model
Y9202P9U-20260914-section-1,#8G2G0ULVL,OMAR VADO,#YV8JLPC2,ILLUMINATI 2.0,0,0,0,0,10.0,2400.0,14.666666666666666,14.0,164.58333333333334,1.0,0.8,2600.0,16.0,500.0,264.5751311064591,2.3094010767585034,4877,4890.333333333333,,Not Enough History,True,ml_model
Y9202P9U-20260914-section-1,#8GL0Y9YQQ,andrei,#LUG9LVC0,37XU,0,0,0,1,10.0,3150.0,16.0,16.0,196.875,1.0,0.8,3050.0,16.0,-250.0,132.28756555322954,0.0,5037,4997.0,,Not Enough History,True,ml_model
Y9202P9U-20260914-section-1,#8GLVRJ0GC,HENRIQUE,#YV8JLPC2,ILLUMINATI 2.0,0,0,0,1,10.0,2483.3333333333335,16.0,16.0,155.20833333333334,1.0,1.0,2300.0,16.0,-300.0,160.72751268321593,0.0,4877,4890.333333333333,,Not Enough History,True,ml_model
Y9202P9U-20260914-section-1,#8GQR00LY,RussAK,#9VLJRY2J,Gentleman Jack,0,0,0,0,12.0,1166.6666666666667,5.333333333333333,8.0,72.91666666666667,0.4,0.2,0.0,0.0,-3500.0,2020.72594216369,9.237604307034013,5091,5027.666666666667,,Not Enough History,True,ml_model
Y9202P9U-20260914-section-1,#8JQ80RG08,LUCAS,#YV8JLPC2,ILLUMINATI 2.0,0,0,0,1,3.0,2650.0,16.0,16.0,165.625,1.0,1.0,2700.0,16.0,450.0,377.4917217635375,0.0,4877,4890.333333333333,,Not Enough History,True,ml_model
Y9202P9U-20260914-section-1,#8LYJ8U92R,Navarro,#YV8JLPC2,ILLUMINATI 2.0,0,0,0,1,10.0,2633.3333333333335,16.0,16.0,164.58333333333334,1.0,1.0,2450.0,16.0,-50.0,275.3785273643051,0.0,4877,4890.333333333333,,Not Enough History,True,ml_model
Y9202P9U-20260914-section-1,#8P90V020,Whyte,#9VLJRY2J,Gentleman Jack,0,0,0,1,6.0,2333.3333333333335,15.0,16.0,153.0448717948718,1.0,0.8,2550.0,16.0,-400.0,748.8880646220323,1.7320508075688772,5091,5027.666666666667,,Not Enough History,True,ml_model
Y9202P9U-20260914-section-1,#8PCVV20,sabigol,#YV8JLPC2,ILLUMINATI 2.0,0,0,0,1,10.0,2800.0,16.0,16.0,175.0,1.0,1.0,2400.0,16.0,-600.0,346.41016151377545,0.0,4877,4890.333333333333,,Not Enough History,True,ml_model
Y9202P9U-20260914-section-1,#8PPP02LPP,I AM SOO COOL,#Y9202P9U,Galactic Kings,0,0,0,1,12.0,1650.0,8.0,12.0,137.5,0.6,0.0,2600.0,12.0,250.0,1434.3988287781053,6.928203230275509,9864,9790.666666666666,1.0,Inconsistent Contributor,True,ml_model
Y9202P9U-20260914-section-1,#8Q2P8YLCQ,BOMヴァー,#J29J90P,isao,0,0,0,1,10.0,2050.0,10.666666666666666,16.0,128.125,0.6,0.4,2850.0,16.0,-450.0,1789.553016817328,9.237604307034013,5098,5038.0,,Not Enough History,True,ml_model
Y9202P9U-20260914-section-1,#8QPPC00LP,るる,#J29J90P,isao,0,0,0,1,10.0,2200.0,10.666666666666666,16.0,137.5,0.6,0.4,3000.0,16.0,-600.0,1928.730152198591,9.237604307034013,5098,5038.0,,Not Enough History,True,ml_model
Y9202P9U-20260914-section-1,#8QQUGYP92,銀時,#J29J90P,isao,0,0,0,0,10.0,966.6666666666666,5.333333333333333,8.0,60.416666666666664,0.4,0.2,0.0,0.0,-2900.0,1674.3157806499148,9.237604307034013,5098,5038.0,,Not Enough History,True,ml_model
Y9202P9U-20260914-section-1,#8QR0CRVL0,hog rider,#Y9202P9U,Galactic Kings,0,0,0,0,13.0,1383.3333333333333,8.0,8.0,174.30555555555554,1.0,0.0,700.0,4.0,-1300.0,652.5590650150631,4.0,9864,9790.666666666666,2.0,Low-Participation Player,True,ml_model
Y9202P9U-20260914-section-1,#8QR889J2,Archon,#9VLJRY2J,Gentleman Jack,0,0,0,1,8.0,2733.3333333333335,16.0,16.0,170.83333333333334,0.8,0.8,3200.0,16.0,-100.0,896.2886439832502,0.0,5091,5027.666666666667,,Not Enough History,True,ml_model
Y9202P9U-20260914-section-1,#8QV2PUGGL,Jules,#9VLJRY2J,Gentleman Jack,0,0,0,1,8.0,850.0,5.333333333333333,8.0,53.125,0.6,0.6,2550.0,16.0,2550.0,1472.2431864335456,9.237604307034013,5091,5027.666666666667,,Not Enough History,True,ml_model
Y9202P9U-20260914-section-1,#8R2CCRQR,Sidan23,#9VLJRY2J,Gentleman Jack,0,0,0,1,7.0,1800.0,11.333333333333334,16.0,141.66666666666666,0.8,0.6,2550.0,16.0,-100.0,1386.5424623862048,8.082903768654761,5091,5027.666666666667,,Not Enough History,True,ml_model
Y9202P9U-20260914-section-1,#8R2V2CCUY,lucas alves,#YV8JLPC2,ILLUMINATI 2.0,0,0,0,1,10.0,816.6666666666666,5.0,7.5,54.44444444444445,0.4,0.0,2450.0,15.0,2450.0,1414.5081595145832,8.660254037844387,4877,4890.333333333333,,Not Enough History,True,ml_model
Y9202P9U-20260914-section-1,#8R8CYV8QP,Esdeath,#Y9202P9U,Galactic Kings,0,0,0,1,6.0,2750.0,14.666666666666666,16.0,187.5,1.0,0.4,2600.0,16.0,-800.0,589.4913061275798,2.3094010767585034,9864,9790.666666666666,0.0,Reliable High Performer,True,ml_model
Y9202P9U-20260914-section-1,#8R8RJLUR,G̾ᵒᵈᶻシ︎Տᵖʳᵘᵈᵉˡ,#9VLJRY2J,Gentleman Jack,0,0,0,1,8.0,2283.3333333333335,16.0,16.0,142.70833333333334,0.8,0.8,2400.0,16.0,-450.0,633.1139971074193,0.0,5091,5027.666666666667,,Not Enough History,True,ml_model
Y9202P9U-20260914-section-1,#8RCCQYVPC,ばなな,#J29J90P,isao,0,0,0,1,10.0,2200.0,10.666666666666666,16.0,137.5,0.6,0.4,3200.0,16.0,-200.0,1907.8784028338912,9.237604307034013,5098,5038.0,,Not Enough History,True,ml_model
Y9202P9U-20260914-section-1,#8RJUQ98GC,BBB I KAIRU⚡️,#9VLJRY2J,Gentleman Jack,0,0,0,0,9.0,1266.6666666666667,6.666666666666667,2.0,135.41666666666666,0.4,0.2,900.0,4.0,900.0,1484.3629385474878,8.32666399786453,5091,5027.666666666667,,Not Enough History,True,ml_model
Y9202P9U-20260914-section-1,#8RQCGY8CQ,GK｜Logan,#Y9202P9U,Galactic Kings,0,0,0,1,14.0,2300.0,10.666666666666666,8.0,217.36111111111111,1.0,0.2,2500.0,12.0,1600.0,1311.4877048604,6.110100926607787,9864,9790.666666666666,1.0,Inconsistent Contributor,True,ml_model
Y9202P9U-20260914-section-1,#8U2CYP0,Honcro,#LUG9LVC0,37XU,0,0,0,1,6.0,1733.3333333333333,10.666666666666666,16.0,108.33333333333333,0.6,0.6,2100.0,16.0,-1000.0,1582.1925715074424,9.237604307034013,5037,4997.0,,Not Enough History,True,ml_model
Y9202P9U-20260914-section-1,#8U8CV0VYJ,TJ,#J29J90P,isao,0,0,0,1,10.0,2116.6666666666665,10.666666666666666,16.0,132.29166666666666,0.6,0.4,3000.0,16.0,-350.0,1841.421552315855,9.237604307034013,5098,5038.0,,Not Enough History,True,ml_model
Y9202P9U-20260914-section-1,#8UR9GLUG,shriyawn,#Y9202P9U,Galactic Kings,0,0,0,1,10.0,2633.3333333333335,14.666666666666666,14.0,179.16666666666666,1.0,0.4,2100.0,12.0,-750.0,464.5786621588785,2.3094010767585034,9864,9790.666666666666,0.0,Reliable High Performer,True,ml_model
Y9202P9U-20260914-section-1,#8V2Q2GVGU,polski koks,#Y9202P9U,Galactic Kings,0,0,0,1,10.0,2333.3333333333335,10.666666666666666,8.0,145.83333333333334,0.6,0.4,0.0,0.0,-3500.0,2020.7259421636902,9.237604307034013,9864,9790.666666666666,1.0,Inconsistent Contributor,True,ml_model
Y9202P9U-20260914-section-1,#8VL0CJ90Q,海老カツ,#J29J90P,isao,0,0,0,1,10.0,2183.3333333333335,10.666666666666666,16.0,136.45833333333334,0.6,0.4,3050.0,16.0,-450.0,1904.1621079449442,9.237604307034013,5098,5038.0,,Not Enough History,True,ml_model
Y9202P9U-20260914-section-1,#8VVQP8V9,50er | Prinz,#9VLJRY2J,Gentleman Jack,0,0,0,0,1.0,0.0,0.0,0.0,0.0,0.0,0.0,0.0,0.0,0.0,,,5091,5027.666666666667,,Not Enough History,False,limited_history
Y9202P9U-20260914-section-1,#8VVURRY9,Matte,#YV8JLPC2,ILLUMINATI 2.0,0,0,0,0,1.0,0.0,0.0,0.0,0.0,0.0,0.0,0.0,0.0,0.0,,,4877,4890.333333333333,,Not Enough History,False,limited_history
Y9202P9U-20260914-section-1,#8VYQG0PL,rafa085,#YV8JLPC2,ILLUMINATI 2.0,0,0,0,1,1.0,2850.0,16.0,16.0,178.125,1.0,1.0,2850.0,16.0,0.0,,,4877,4890.333333333333,,Not Enough History,False,limited_history
Y9202P9U-20260914-section-1,#8YGLJYV92,Akren,#Y9202P9U,Galactic Kings,0,0,0,1,7.0,2633.3333333333335,14.666666666666666,14.0,178.125,1.0,0.6,1950.0,12.0,-1250.0,633.1139971074193,2.3094010767585034,9864,9790.666666666666,0.0,Reliable High Performer,True,ml_model
Y9202P9U-20260914-section-1,#9002L2R9R,JSN✨,#Y9202P9U,Galactic Kings,0,0,0,1,7.0,2150.0,12.0,14.0,181.5972222222222,0.6,0.2,2150.0,12.0,-600.0,600.0,4.0,9864,9790.666666666666,1.0,Inconsistent Contributor,True,ml_model
Y9202P9U-20260914-section-1,#908GP0JCL,MrGJC,#LUG9LVC0,37XU,0,0,0,0,10.0,3050.0,14.666666666666666,16.0,209.375,1.0,0.4,3050.0,16.0,-350.0,350.0,2.3094010767585034,5037,4997.0,,Not Enough History,True,ml_model
Y9202P9U-20260914-section-1,#90PYC2P2,▁ ▂ ▃ ▄ ▅ ▆ █ Ⓓ,#Y9202P9U,Galactic Kings,0,0,0,1,10.0,1766.6666666666667,9.333333333333334,14.0,127.08333333333333,0.6,0.2,2400.0,12.0,-500.0,1550.268793897798,8.326663997864532,9864,9790.666666666666,1.0,Inconsistent Contributor,True,ml_model
Y9202P9U-20260914-section-1,#90UPG8CL0,Edik,#9VLJRY2J,Gentleman Jack,0,0,0,1,8.0,1900.0,10.666666666666666,16.0,118.75,0.8,0.8,2750.0,16.0,-200.0,1648.4841521834537,9.237604307034013,5091,5027.666666666667,,Not Enough History,True,ml_model
Y9202P9U-20260914-section-1,#90V8G02VQ,Leandroir,#YV8JLPC2,ILLUMINATI 2.0,0,0,0,1,10.0,2550.0,16.0,16.0,159.375,1.0,1.0,2650.0,16.0,50.0,132.28756555322954,0.0,4877,4890.333333333333,,Not Enough History,True,ml_model
Y9202P9U-20260914-section-1,#90Y9RQ9G,preseeech,#YV8JLPC2,ILLUMINATI 2.0,0,0,0,0,1.0,0.0,0.0,0.0,0.0,0.0,0.0,0.0,0.0,0.0,,,4877,4890.333333333333,,Not Enough History,False,limited_history
Y9202P9U-20260914-section-1,#92CLUJ82C,♾❤️BART❤️♾,#YV8JLPC2,ILLUMINATI 2.0,0,0,0,1,,,,,,,,,,,,,4877,4890.333333333333,,Not Enough History,False,clan_baseline
Y9202P9U-20260914-section-1,#92QLYY890,「ᴀʷ」ＯｄｒａｎｏｅｌＪＤ,#YV8JLPC2,ILLUMINATI 2.0,0,0,0,0,8.0,2833.3333333333335,16.0,16.0,177.08333333333334,1.0,1.0,3150.0,16.0,500.0,275.3785273643051,0.0,4877,4890.333333333333,,Not Enough History,True,ml_model
Y9202P9U-20260914-section-1,#92UGJGJCV,Minato Kushina,#YV8JLPC2,ILLUMINATI 2.0,0,0,0,1,10.0,2866.6666666666665,16.0,16.0,179.16666666666666,1.0,1.0,2650.0,16.0,-250.0,202.07259421636903,0.0,4877,4890.333333333333,,Not Enough History,True,ml_model
Y9202P9U-20260914-section-1,#999QVQQJ8,K̶N̶G̶ ᴹᵀ,#YV8JLPC2,ILLUMINATI 2.0,0,0,0,1,10.0,2683.3333333333335,16.0,16.0,167.70833333333334,1.0,1.0,2600.0,16.0,-350.0,236.29078131263043,0.0,4877,4890.333333333333,,Not Enough History,True,ml_model
Y9202P9U-20260914-section-1,#99UU8P0V,<c5>マーボー,#J29J90P,isao,0,0,0,1,10.0,2200.0,10.666666666666666,16.0,137.5,0.6,0.4,3200.0,16.0,-200.0,1907.8784028338912,9.237604307034013,5098,5038.0,,Not Enough History,True,ml_model
Y9202P9U-20260914-section-1,#99V29PPLU,▁ ▂ ▃ ▄ ▅ ▆ █Ⓣ,#Y9202P9U,Galactic Kings,0,0,0,1,10.0,1733.3333333333333,10.666666666666666,16.0,108.33333333333333,0.4,0.4,2200.0,16.0,-800.0,1553.490693030806,9.237604307034013,9864,9790.666666666666,1.0,Inconsistent Contributor,True,ml_model
Y9202P9U-20260914-section-1,#99VQVVR8V,BBB I GamerGang,#9VLJRY2J,Gentleman Jack,0,0,0,1,7.0,1866.6666666666667,10.666666666666666,16.0,116.66666666666667,0.6,0.4,2500.0,16.0,-600.0,1644.1816606851366,9.237604307034013,5091,5027.666666666667,,Not Enough History,True,ml_model
Y9202P9U-20260914-section-1,#99VRG2G9,Paladino,#YV8JLPC2,ILLUMINATI 2.0,0,0,0,1,7.0,2916.6666666666665,16.0,16.0,182.29166666666666,1.0,1.0,3050.0,16.0,100.0,152.75252316519467,0.0,4877,4890.333333333333,,Not Enough History,True,ml_model
Y9202P9U-20260914-section-1,#99YRPPRQR,THOORR,#YV8JLPC2,ILLUMINATI 2.0,0,0,0,1,1.0,2900.0,16.0,16.0,181.25,1.0,1.0,2900.0,16.0,0.0,,,4877,4890.333333333333,,Not Enough History,False,limited_history
Y9202P9U-20260914-section-1,#9CYC08L2,mendigodosmares,#YV8JLPC2,ILLUMINATI 2.0,0,0,0,0,7.0,1466.6666666666667,8.0,6.0,122.22222222222221,0.4,0.0,0.0,0.0,-2400.0,1285.8201014657275,6.928203230275509,4877,4890.333333333333,,Not Enough History,True,ml_model
Y9202P9U-20260914-section-1,#9GLQUU0C,aattcc,#Y9202P9U,Galactic Kings,0,0,0,1,8.0,2800.0,13.333333333333334,12.0,210.41666666666666,1.0,0.4,1700.0,8.0,-1600.0,953.9392014169456,4.618802153517006,9864,9790.666666666666,0.0,Reliable High Performer,True,ml_model
Y9202P9U-20260914-section-1,#9JRRL2R0J,BBB I cool,#9VLJRY2J,Gentleman Jack,0,0,0,0,6.0,1716.6666666666667,8.0,10.0,204.16666666666666,1.0,0.2,650.0,4.0,-2950.0,1635.7974609753292,6.928203230275509,5091,5027.666666666667,,Not Enough History,True,ml_model
Y9202P9U-20260914-section-1,#9L2ULLPJG,yeuhu22,#YV8JLPC2,ILLUMINATI 2.0,0,0,0,1,3.0,2383.3333333333335,16.0,16.0,148.95833333333334,1.0,1.0,2550.0,16.0,500.0,288.67513459481285,0.0,4877,4890.333333333333,,Not Enough History,True,ml_model
Y9202P9U-20260914-section-1,#9LJLGQQG9,KM I ⏳Elrob⌛️,#9VLJRY2J,Gentleman Jack,0,0,0,1,8.0,1933.3333333333333,12.0,10.0,177.08333333333334,1.0,0.8,900.0,4.0,-2400.0,1234.2339054382412,6.928203230275509,5091,5027.666666666667,,Not Enough History,True,ml_model
Y9202P9U-20260914-section-1,#9LVLLGGLR,♤Chaelso♤,#YV8JLPC2,ILLUMINATI 2.0,0,0,0,1,1.0,2700.0,16.0,16.0,168.75,1.0,1.0,2700.0,16.0,0.0,,,4877,4890.333333333333,,Not Enough History,False,limited_history
Y9202P9U-20260914-section-1,#9LYQVCQJU,敗北者じゃけーパンケーキ,#J29J90P,isao,0,0,0,1,5.0,1916.6666666666667,10.666666666666666,16.0,119.79166666666667,0.6,0.4,2250.0,16.0,-1250.0,1773.649721149397,9.237604307034013,5098,5038.0,,Not Enough History,True,ml_model
Y9202P9U-20260914-section-1,#9P00QC2G,ELENA,#J29J90P,isao,0,0,0,1,10.0,1933.3333333333333,10.666666666666666,16.0,120.83333333333333,0.6,0.4,2900.0,16.0,0.0,1674.3157806499148,9.237604307034013,5098,5038.0,,Not Enough History,True,ml_model
Y9202P9U-20260914-section-1,#9PGGRC8J,Lenipofeni,#9VLJRY2J,Gentleman Jack,0,0,0,1,12.0,1733.3333333333333,8.0,12.0,143.75,0.4,0.2,1700.0,8.0,-1800.0,1750.2380790433435,8.0,5091,5027.666666666667,,Not Enough History,True,ml_model
Y9202P9U-20260914-section-1,#9RG0VPUVY,batan,#Y9202P9U,Galactic Kings,0,0,0,1,10.0,1633.3333333333333,8.0,12.0,137.5,0.8,0.2,1700.0,8.0,-1500.0,1601.0413278030437,8.0,9864,9790.666666666666,1.0,Inconsistent Contributor,True,ml_model
Y9202P9U-20260914-section-1,#9RL20UL0G,まさっち,#J29J90P,isao,0,0,0,1,10.0,2233.3333333333335,10.666666666666666,16.0,139.58333333333334,0.6,0.4,3300.0,16.0,-100.0,1934.769581457527,9.237604307034013,5098,5038.0,,Not Enough History,True,ml_model
Y9202P9U-20260914-section-1,#9RQ8YRYQL,老板 Ι Batan’宙斯,#Y9202P9U,Galactic Kings,0,0,0,0,10.0,600.0,2.6666666666666665,4.0,75.0,0.6,0.0,1800.0,8.0,1800.0,1039.2304845413264,4.618802153517007,9864,9790.666666666666,1.0,Inconsistent Contributor,True,ml_model
Y9202P9U-20260914-section-1,#9RQJ0GGY,TP14,#LUG9LVC0,37XU,0,0,0,1,10.0,3033.3333333333335,16.0,16.0,189.58333333333334,1.0,1.0,2550.0,16.0,-600.0,436.8447474027052,0.0,5037,4997.0,,Not Enough History,True,ml_model
Y9202P9U-20260914-section-1,#9RU0GR8J,LionGalaxy,#Y9202P9U,Galactic Kings,0,0,0,0,9.0,2566.6666666666665,13.333333333333334,14.0,192.36111111111111,0.8,0.2,2100.0,12.0,-1000.0,503.32229568471666,2.3094010767585034,9864,9790.666666666666,1.0,Inconsistent Contributor,True,ml_model
Y9202P9U-20260914-section-1,#9RY8GQJQU,『PHX』Marcel✨Nay,#Y9202P9U,Galactic Kings,0,0,0,0,6.0,1716.6666666666667,9.333333333333334,12.0,166.66666666666666,0.8,0.2,1350.0,8.0,-1950.0,1435.5602855099235,6.110100926607787,9864,9790.666666666666,1.0,Inconsistent Contributor,True,ml_model
Y9202P9U-20260914-section-1,#9U8CRGUJQ,46猫,#J29J90P,isao,0,0,0,1,1.0,1300.0,8.0,8.0,162.5,1.0,0.0,1300.0,8.0,0.0,,,5098,5038.0,,Not Enough History,False,limited_history
Y9202P9U-20260914-section-1,#9UJYJG9V,pa_rmourao,#YV8JLPC2,ILLUMINATI 2.0,0,0,4,1,10.0,2950.0,16.0,16.0,184.375,1.0,1.0,3050.0,16.0,250.0,132.28756555322954,0.0,4877,4890.333333333333,,Not Enough History,True,ml_model
Y9202P9U-20260914-section-1,#9URLC8Q9R,PEDRO CRAZY,#YV8JLPC2,ILLUMINATI 2.0,0,0,0,0,1.0,0.0,0.0,0.0,0.0,0.0,0.0,0.0,0.0,0.0,,,4877,4890.333333333333,,Not Enough History,False,limited_history
Y9202P9U-20260914-section-1,#9UY8L0UJG,hog❤️,#Y9202P9U,Galactic Kings,0,0,0,0,8.0,950.0,5.333333333333333,8.0,118.75,0.6,0.0,1450.0,8.0,50.0,823.1038816577164,4.618802153517007,9864,9790.666666666666,2.0,Low-Participation Player,True,ml_model
Y9202P9U-20260914-section-1,#9V8JCVLVC,enjoy,#J29J90P,isao,0,0,4,1,10.0,2200.0,10.666666666666666,16.0,137.5,0.6,0.4,3000.0,16.0,-600.0,1928.730152198591,9.237604307034013,5098,5038.0,,Not Enough History,True,ml_model
Y9202P9U-20260914-section-1,#9VULYUJU,Patbuun,#9VLJRY2J,Gentleman Jack,0,0,0,1,8.0,2266.6666666666665,16.0,16.0,141.66666666666666,1.0,1.0,2000.0,16.0,-1200.0,832.6663997864531,0.0,5091,5027.666666666667,,Not Enough History,True,ml_model
Y9202P9U-20260914-section-1,#9YP0RYGR,AL_JOKER,#Y9202P9U,Galactic Kings,0,0,0,1,4.0,1266.6666666666667,8.333333333333334,8.0,157.4074074074074,1.0,0.0,700.0,4.0,-1000.0,513.1601439446883,4.041451884327381,9864,9790.666666666666,,Not Enough History,True,ml_model
Y9202P9U-20260914-section-1,#9YUCJV00,MuK｜⚡Leo⚡,#Y9202P9U,Galactic Kings,0,0,0,0,10.0,2016.6666666666667,10.666666666666666,8.0,126.04166666666667,0.8,0.4,0.0,0.0,-3050.0,1746.6634860021932,9.237604307034013,9864,9790.666666666666,1.0,Inconsistent Contributor,True,ml_model
Y9202P9U-20260914-section-1,#9YV0Q8VRR,AserDerZweite,#9VLJRY2J,Gentleman Jack,0,0,0,1,8.0,1800.0,10.666666666666666,16.0,112.5,0.8,0.8,2300.0,16.0,-800.0,1609.3476939431082,9.237604307034013,5091,5027.666666666667,,Not Enough History,True,ml_model
Y9202P9U-20260914-section-1,#C222JLCG,⭐PRO⭐,#Y9202P9U,Galactic Kings,0,0,0,0,1.0,2300.0,12.0,12.0,191.66666666666666,1.0,0.0,2300.0,12.0,0.0,,,9864,9790.666666666666,,Not Enough History,False,limited_history
Y9202P9U-20260914-section-1,#C2UVV2CLU,Code: Michael,#LUG9LVC0,37XU,0,0,0,0,,,,,,,,,,,,,5037,4997.0,,Not Enough History,False,clan_baseline
Y9202P9U-20260914-section-1,#C9Q20CLGY,❤️ Ana Luiza ❤️,#Y9202P9U,Galactic Kings,0,0,0,1,1.0,2500.0,12.0,12.0,208.33333333333334,1.0,0.0,2500.0,12.0,0.0,,,9864,9790.666666666666,,Not Enough History,False,limited_history
Y9202P9U-20260914-section-1,#CGCVP2G9,MrNobody,#9VLJRY2J,Gentleman Jack,0,0,0,1,7.0,2033.3333333333333,10.666666666666666,16.0,127.08333333333333,0.8,0.8,3050.0,16.0,0.0,1760.9183210283586,9.237604307034013,5091,5027.666666666667,,Not Enough History,True,ml_model
Y9202P9U-20260914-section-1,#CJPL2J82U,Riapyi,#Y9202P9U,Galactic Kings,0,0,0,0,10.0,0.0,0.0,0.0,0.0,0.2,0.0,0.0,0.0,0.0,0.0,0.0,9864,9790.666666666666,2.0,Low-Participation Player,True,ml_model
Y9202P9U-20260914-section-1,#CJVL8CG8,GK03™,#Y9202P9U,Galactic Kings,0,0,0,0,6.0,1200.0,5.333333333333333,8.0,75.0,0.4,0.2,0.0,0.0,-3600.0,2078.460969082653,9.237604307034013,9864,9790.666666666666,1.0,Inconsistent Contributor,True,ml_model
Y9202P9U-20260914-section-1,#CP08C0CPC,Ricofc,#YV8JLPC2,ILLUMINATI 2.0,0,0,0,0,,,,,,,,,,,,,4877,4890.333333333333,,Not Enough History,False,clan_baseline
Y9202P9U-20260914-section-1,#CP08R9PC9,Wolbecker1,#9VLJRY2J,Gentleman Jack,0,0,0,1,8.0,2200.0,14.666666666666666,14.0,152.08333333333334,1.0,0.8,2900.0,16.0,800.0,655.7438524302,2.3094010767585034,5091,5027.666666666667,,Not Enough History,True,ml_model
Y9202P9U-20260914-section-1,#CPY0UYL,CECILI ON,#YV8JLPC2,ILLUMINATI 2.0,0,0,0,1,10.0,3000.0,16.0,16.0,187.5,1.0,1.0,3100.0,16.0,150.0,86.60254037844386,0.0,4877,4890.333333333333,,Not Enough History,True,ml_model
Y9202P9U-20260914-section-1,#CQ2GQLPCC,Nidia,#LUG9LVC0,37XU,0,0,0,0,10.0,2733.3333333333335,16.0,16.0,170.83333333333334,1.0,1.0,2250.0,16.0,-650.0,425.2450274057691,0.0,5037,4997.0,,Not Enough History,True,ml_model
Y9202P9U-20260914-section-1,#CR0JUCC2,Don-Mehdi,#Y9202P9U,Galactic Kings,0,0,0,0,14.0,1833.3333333333333,10.666666666666666,8.0,114.58333333333333,0.4,0.4,0.0,0.0,-2450.0,1615.8073317488486,9.237604307034013,9864,9790.666666666666,1.0,Inconsistent Contributor,True,ml_model
Y9202P9U-20260914-section-1,#CRUPGCJ,Random,#LUG9LVC0,37XU,0,0,0,1,7.0,2933.3333333333335,16.0,16.0,183.33333333333334,1.0,1.0,3000.0,16.0,200.0,115.47005383792515,0.0,5037,4997.0,,Not Enough History,True,ml_model
Y9202P9U-20260914-section-1,#CU0L2RG8P,Cuttsy Jr,#LUG9LVC0,37XU,0,0,0,0,10.0,1666.6666666666667,9.333333333333334,10.0,183.33333333333334,1.0,0.0,1600.0,8.0,-200.0,115.47005383792515,2.3094010767585034,5037,4997.0,,Not Enough History,True,ml_model
Y9202P9U-20260914-section-1,#CUCJJGYYV,P00fs,#LUG9LVC0,37XU,0,0,0,0,1.0,75.0,1.0,1.0,75.0,1.0,0.0,75.0,1.0,0.0,,,5037,4997.0,,Not Enough History,False,limited_history
Y9202P9U-20260914-section-1,#CUJ0YVLL9,FF｜Soxee™,#Y9202P9U,Galactic Kings,0,0,0,1,10.0,2633.3333333333335,14.666666666666666,16.0,179.51388888888889,1.0,0.6,2400.0,16.0,-950.0,633.1139971074193,2.3094010767585034,9864,9790.666666666666,0.0,Reliable High Performer,True,ml_model
Y9202P9U-20260914-section-1,#CUL90UJC8,ねるねるくん,#J29J90P,isao,0,0,1,1,10.0,2300.0,10.666666666666666,16.0,143.75,0.6,0.4,3300.0,16.0,-300.0,1997.498435543818,9.237604307034013,5098,5038.0,,Not Enough History,True,ml_model
Y9202P9U-20260914-section-1,#CUPV92CQ9,MIMIMIMIMI,#YV8JLPC2,ILLUMINATI 2.0,0,0,0,0,1.0,0.0,0.0,0.0,0.0,0.0,0.0,0.0,0.0,0.0,,,4877,4890.333333333333,,Not Enough History,False,limited_history
Y9202P9U-20260914-section-1,#CUUUU0U8,<c3>puffy,#LUG9LVC0,37XU,0,0,0,1,10.0,2750.0,16.0,16.0,171.875,1.0,0.8,2250.0,16.0,-850.0,444.40972086577943,0.0,5037,4997.0,,Not Enough History,True,ml_model
Y9202P9U-20260914-section-1,#CV28P8Y0Q,HUDSON-ODOI,#LUG9LVC0,37XU,0,0,0,1,10.0,3166.6666666666665,16.0,16.0,197.91666666666666,1.0,0.6,3150.0,16.0,-350.0,325.32035493238556,0.0,5037,4997.0,,Not Enough History,True,ml_model
Y9202P9U-20260914-section-1,#G0QQUGY,syen,#Y9202P9U,Galactic Kings,0,0,0,1,6.0,1783.3333333333333,10.666666666666666,14.0,151.38888888888889,1.0,0.2,2150.0,12.0,-650.0,1241.3030787576954,6.110100926607787,9864,9790.666666666666,1.0,Inconsistent Contributor,True,ml_model
Y9202P9U-20260914-section-1,#G0YVG9J9R,Pindakaas,#Y9202P9U,Galactic Kings,0,0,0,1,10.0,2366.6666666666665,12.333333333333334,10.5,190.2777777777778,0.8,0.2,1800.0,9.0,-100.0,896.2886439832502,3.511884584284246,9864,9790.666666666666,1.0,Inconsistent Contributor,True,ml_model
Y9202P9U-20260914-section-1,#G22R88G,_KnockouT_,#9VLJRY2J,Gentleman Jack,0,0,0,1,8.0,2150.0,13.333333333333334,12.0,153.125,1.0,0.8,900.0,8.0,-1950.0,1085.1267207105352,4.618802153517006,5091,5027.666666666667,,Not Enough History,True,ml_model
Y9202P9U-20260914-section-1,#G2Y9RUUL,enzu,#LUG9LVC0,37XU,0,0,0,1,10.0,2750.0,16.0,16.0,171.875,1.0,0.8,2850.0,16.0,550.0,409.2676385936225,0.0,5037,4997.0,,Not Enough History,True,ml_model
Y9202P9U-20260914-section-1,#G88UPVRCU,もとしん,#J29J90P,isao,0,0,0,0,10.0,766.6666666666666,5.333333333333333,8.0,47.916666666666664,0.4,0.2,0.0,0.0,-2300.0,1327.9056191361394,9.237604307034013,5098,5038.0,,Not Enough History,True,ml_model
Y9202P9U-20260914-section-1,#G9L2GLYUQ,☠️P.E.K.K.A☠️CR,#LUG9LVC0,37XU,0,0,0,0,10.0,1900.0,9.333333333333334,6.0,135.41666666666666,0.8,0.4,0.0,0.0,-2400.0,1705.872210923198,8.326663997864532,5037,4997.0,,Not Enough History,True,ml_model
Y9202P9U-20260914-section-1,#GC00888J0,りあぴぃ,#Y9202P9U,Galactic Kings,0,0,0,0,4.0,0.0,0.0,0.0,0.0,0.25,0.0,0.0,0.0,0.0,0.0,0.0,9864,9790.666666666666,,Not Enough History,True,ml_model
Y9202P9U-20260914-section-1,#GCG9V89GV,ßigsutty49,#LUG9LVC0,37XU,0,0,0,1,,,,,,,,,,,,,5037,4997.0,,Not Enough History,False,clan_baseline
Y9202P9U-20260914-section-1,#GGQYV8VR,Ard,#J29J90P,isao,0,0,0,0,2.0,2600.0,12.0,12.0,216.66666666666666,1.0,0.0,2600.0,12.0,0.0,0.0,0.0,5098,5038.0,,Not Enough History,False,limited_history
Y9202P9U-20260914-section-1,#GJ99YV9P,matheusus,#YV8JLPC2,ILLUMINATI 2.0,0,0,0,0,1.0,0.0,0.0,0.0,0.0,0.0,0.0,0.0,0.0,0.0,,,4877,4890.333333333333,,Not Enough History,False,limited_history
Y9202P9U-20260914-section-1,#GJJP29C9,Tim,#9VLJRY2J,Gentleman Jack,0,0,0,1,8.0,1100.0,6.0,7.5,113.33333333333333,0.8,0.2,2850.0,15.0,2850.0,1532.1553446044563,7.937253933193772,5091,5027.666666666667,,Not Enough History,True,ml_model
Y9202P9U-20260914-section-1,#GL292J2PY,HitmanUWU,#9VLJRY2J,Gentleman Jack,0,0,0,1,5.0,2233.3333333333335,10.666666666666666,16.0,139.58333333333334,0.8,0.8,3300.0,16.0,-100.0,1934.769581457527,9.237604307034013,5091,5027.666666666667,,Not Enough History,True,ml_model
Y9202P9U-20260914-section-1,#GP2R0J28,Paco,#LUG9LVC0,37XU,0,0,0,1,10.0,2800.0,16.0,16.0,175.0,1.0,0.8,2650.0,16.0,100.0,350.0,0.0,5037,4997.0,,Not Enough History,True,ml_model
Y9202P9U-20260914-section-1,#GP9GQPCUY,たかゆき,#J29J90P,isao,0,0,4,1,10.0,1966.6666666666667,10.666666666666666,16.0,122.91666666666667,0.6,0.4,2500.0,16.0,-900.0,1761.628034896508,9.237604307034013,5098,5038.0,,Not Enough History,True,ml_model
Y9202P9U-20260914-section-1,#GPVY989GQ,ポケたくん,#J29J90P,isao,0,0,0,0,10.0,1016.6666666666666,6.333333333333333,9.5,105.49242424242425,0.6,0.0,1150.0,8.0,-750.0,956.9918146637062,5.686240703077327,5098,5038.0,,Not Enough History,True,ml_model
Y9202P9U-20260914-section-1,#GQYVYQ82,AM♣️Joma,#Y9202P9U,Galactic Kings,0,0,0,1,10.0,2533.3333333333335,14.666666666666666,14.0,173.61111111111111,1.0,0.4,2200.0,12.0,0.0,577.3502691896258,2.3094010767585034,9864,9790.666666666666,0.0,Reliable High Performer,True,ml_model
Y9202P9U-20260914-section-1,#GUCQJ8U,bG,#YV8JLPC2,ILLUMINATI 2.0,0,0,0,1,6.0,3066.6666666666665,16.0,16.0,191.66666666666666,1.0,1.0,3100.0,16.0,200.0,152.75252316519467,0.0,4877,4890.333333333333,,Not Enough History,True,ml_model
Y9202P9U-20260914-section-1,#GUVVPU828,Ryza,#Y9202P9U,Galactic Kings,0,0,0,1,6.0,1933.3333333333333,10.666666666666666,8.0,120.83333333333333,0.8,0.6,0.0,0.0,-2550.0,1710.506747526397,9.237604307034013,9864,9790.666666666666,1.0,Inconsistent Contributor,True,ml_model
Y9202P9U-20260914-section-1,#GVC0URYV8,主人｜Lou✨,#Y9202P9U,Galactic Kings,0,0,0,1,10.0,1533.3333333333333,10.666666666666666,8.0,95.83333333333333,0.6,0.6,2300.0,16.0,2300.0,1327.9056191361394,9.237604307034013,9864,9790.666666666666,1.0,Inconsistent Contributor,True,ml_model
Y9202P9U-20260914-section-1,#GVR22UVVG,P00fY,#LUG9LVC0,37XU,0,0,0,0,5.0,33.333333333333336,0.3333333333333333,0.5,33.333333333333336,0.2,0.0,100.0,1.0,100.0,57.735026918962575,0.5773502691896258,5037,4997.0,,Not Enough History,True,ml_model
Y9202P9U-20260914-section-1,#J0QVQ8QUQ,Sonserina,#YV8JLPC2,ILLUMINATI 2.0,0,0,0,0,,,,,,,,,,,,,4877,4890.333333333333,,Not Enough History,False,clan_baseline
Y9202P9U-20260914-section-1,#J22GGYJUL,Mahid,#LUG9LVC0,37XU,0,0,0,1,,,,,,,,,,,,,5037,4997.0,,Not Enough History,False,clan_baseline
Y9202P9U-20260914-section-1,#J80LP2J0,ABRAMMP3 JR,#Y9202P9U,Galactic Kings,0,0,0,0,2.0,1725.0,10.0,10.0,168.75,1.0,0.0,2250.0,12.0,1050.0,742.4621202458749,2.8284271247461903,9864,9790.666666666666,,Not Enough History,False,limited_history
Y9202P9U-20260914-section-1,#J8YC8R8G,F-35Lightning Ⅱ,#J29J90P,isao,0,0,0,1,10.0,2066.6666666666665,10.666666666666666,16.0,129.16666666666666,0.6,0.4,3000.0,16.0,-200.0,1792.5772879665003,9.237604307034013,5098,5038.0,,Not Enough History,True,ml_model
Y9202P9U-20260914-section-1,#J98LL9CU,Deadication,#Y9202P9U,Galactic Kings,0,0,0,0,10.0,2850.0,14.666666666666666,14.0,193.75,1.0,0.4,2250.0,12.0,-550.0,626.4982043070834,2.3094010767585034,9864,9790.666666666666,0.0,Reliable High Performer,True,ml_model
Y9202P9U-20260914-section-1,#JJJ0R9QCG,_Teu_Mateus Br,#YV8JLPC2,ILLUMINATI 2.0,0,0,0,0,1.0,0.0,0.0,0.0,0.0,0.0,0.0,0.0,0.0,0.0,,,4877,4890.333333333333,,Not Enough History,False,limited_history
Y9202P9U-20260914-section-1,#JLCUL222Y,zzz,#LUG9LVC0,37XU,0,0,0,1,,,,,,,,,,,,,5037,4997.0,,Not Enough History,False,clan_baseline
Y9202P9U-20260914-section-1,#JLCYYCY0G,Alsubaie,#Y9202P9U,Galactic Kings,0,0,0,1,4.0,1483.3333333333333,9.333333333333334,8.0,152.7777777777778,1.0,0.0,800.0,8.0,-500.0,791.0962857537212,2.3094010767585034,9864,9790.666666666666,,Not Enough History,True,ml_model
Y9202P9U-20260914-section-1,#JP88PVYJ,Gui,#YV8JLPC2,ILLUMINATI 2.0,0,0,0,1,10.0,2833.3333333333335,15.666666666666666,16.0,180.76388888888889,1.0,0.8,3200.0,16.0,550.0,317.54264805429415,0.5773502691896257,4877,4890.333333333333,,Not Enough History,True,ml_model
Y9202P9U-20260914-section-1,#JPGJP8PJ2,CMG MK,#YV8JLPC2,ILLUMINATI 2.0,0,0,0,1,7.0,2900.0,14.666666666666666,14.0,197.91666666666666,1.0,0.6,2400.0,12.0,-800.0,435.88989435406734,2.3094010767585034,4877,4890.333333333333,,Not Enough History,True,ml_model
Y9202P9U-20260914-section-1,#JPGLC99VU,BigRys,#Y9202P9U,Galactic Kings,0,0,0,1,10.0,2866.6666666666665,14.666666666666666,14.0,195.48611111111111,1.0,0.4,2350.0,12.0,-400.0,583.8093296045664,2.3094010767585034,9864,9790.666666666666,0.0,Reliable High Performer,True,ml_model
Y9202P9U-20260914-section-1,#JRLLP2JL,diddly,#LUG9LVC0,37XU,0,0,0,0,,,,,,,,,,,,,5037,4997.0,,Not Enough History,False,clan_baseline
Y9202P9U-20260914-section-1,#L0YGGLCJU,Buff Xbow,#9VLJRY2J,Gentleman Jack,0,0,0,1,6.0,616.6666666666666,5.0,7.5,41.11111111111111,0.4,0.0,1850.0,15.0,1850.0,1068.0979980008078,8.660254037844387,5091,5027.666666666667,,Not Enough History,True,ml_model
Y9202P9U-20260914-section-1,#L2C9Y0QY,Léo_Brito,#YV8JLPC2,ILLUMINATI 2.0,0,0,0,0,1.0,0.0,0.0,0.0,0.0,0.0,0.0,0.0,0.0,0.0,,,4877,4890.333333333333,,Not Enough History,False,limited_history
Y9202P9U-20260914-section-1,#L2UQURQ0,Ikasa,#LUG9LVC0,37XU,0,0,0,1,8.0,3300.0,16.0,16.0,206.25,1.0,0.6,3300.0,16.0,-100.0,100.0,0.0,5037,4997.0,,Not Enough History,True,ml_model
Y9202P9U-20260914-section-1,#L2VQJ8QVP,Horsey,#Y9202P9U,Galactic Kings,0,0,0,0,5.0,666.6666666666666,4.0,0.0,55.55555555555555,0.6,0.2,0.0,0.0,0.0,1154.7005383792516,6.928203230275509,9864,9790.666666666666,,Not Enough History,True,ml_model
Y9202P9U-20260914-section-1,#L8JV2YRCL,yana,#J29J90P,isao,0,0,0,1,9.0,1916.6666666666667,10.666666666666666,16.0,119.79166666666667,0.6,0.4,2700.0,16.0,-350.0,1669.0815837859254,9.237604307034013,5098,5038.0,,Not Enough History,True,ml_model
Y9202P9U-20260914-section-1,#L8UVL8U,OCULT Samuel,#YV8JLPC2,ILLUMINATI 2.0,0,0,0,0,2.0,0.0,0.0,0.0,0.0,0.0,0.0,0.0,0.0,0.0,0.0,0.0,4877,4890.333333333333,,Not Enough History,False,limited_history
Y9202P9U-20260914-section-1,#L9RLLLU8P,たっくーま,#J29J90P,isao,0,0,0,0,10.0,1808.3333333333333,9.0,13.5,135.55555555555554,0.6,0.0,2725.0,15.0,25.0,1566.1124906383109,7.937253933193772,5098,5038.0,,Not Enough History,True,ml_model
Y9202P9U-20260914-section-1,#LC0RUGP90,@Wel_Clash,#YV8JLPC2,ILLUMINATI 2.0,0,0,0,1,10.0,2733.3333333333335,16.0,16.0,170.83333333333334,1.0,0.8,3050.0,16.0,200.0,388.3726732577014,0.0,4877,4890.333333333333,,Not Enough History,True,ml_model
Y9202P9U-20260914-section-1,#LGLYPYRG0,FORTUNA,#J29J90P,isao,0,0,0,1,10.0,1850.0,10.666666666666666,16.0,115.625,0.6,0.4,2550.0,16.0,-450.0,1617.8689687363435,9.237604307034013,5098,5038.0,,Not Enough History,True,ml_model
Y9202P9U-20260914-section-1,#LJYVCULJV,mentalpatient17,#LUG9LVC0,37XU,0,0,0,1,9.0,716.6666666666666,4.333333333333333,6.5,55.12820512820513,0.2,0.0,2150.0,13.0,2150.0,1241.3030787576954,7.505553499465136,5037,4997.0,,Not Enough History,True,ml_model
Y9202P9U-20260914-section-1,#LPGPGR88,P!N$3£,#9VLJRY2J,Gentleman Jack,0,0,0,0,8.0,1466.6666666666667,10.666666666666666,8.0,91.66666666666667,0.6,0.6,0.0,0.0,-2250.0,1271.1543310445563,9.237604307034013,5091,5027.666666666667,,Not Enough History,True,ml_model
Y9202P9U-20260914-section-1,#LQPR8QPRY,C*Pret067,#YV8JLPC2,ILLUMINATI 2.0,0,0,0,1,10.0,2683.3333333333335,16.0,16.0,167.70833333333334,1.0,1.0,2600.0,16.0,-200.0,104.08329997330664,0.0,4877,4890.333333333333,,Not Enough History,True,ml_model
Y9202P9U-20260914-section-1,#LQQC2VQLJ,Kescha53,#9VLJRY2J,Gentleman Jack,0,0,0,1,8.0,2116.6666666666665,13.333333333333334,14.0,156.94444444444443,1.0,0.4,2800.0,16.0,700.0,675.1543033509698,2.3094010767585034,5091,5027.666666666667,,Not Enough History,True,ml_model
Y9202P9U-20260914-section-1,#LVCU2PPLR,Pencakedude,#9VLJRY2J,Gentleman Jack,0,0,0,0,1.0,200.0,2.0,2.0,100.0,1.0,0.0,200.0,2.0,0.0,,,5091,5027.666666666667,,Not Enough History,False,limited_history
Y9202P9U-20260914-section-1,#LVLVC8QYC,✨️mariano☔️☃️,#Y9202P9U,Galactic Kings,0,0,0,0,1.0,0.0,0.0,0.0,0.0,0.0,0.0,0.0,0.0,0.0,,,9864,9790.666666666666,,Not Enough History,False,limited_history
Y9202P9U-20260914-section-1,#LYLLJG0Q9,やわうどん,#J29J90P,isao,0,0,0,0,1.0,950.0,8.0,8.0,118.75,1.0,0.0,950.0,8.0,0.0,,,5098,5038.0,,Not Enough History,False,limited_history
Y9202P9U-20260914-section-1,#P82L9GQL0,hog✨,#Y9202P9U,Galactic Kings,0,0,0,0,2.0,0.0,0.0,0.0,0.0,0.0,0.0,0.0,0.0,0.0,0.0,0.0,9864,9790.666666666666,,Not Enough History,False,limited_history
Y9202P9U-20260914-section-1,#P8JUY99V,The Jonkler,#Y9202P9U,Galactic Kings,0,0,0,1,10.0,2983.3333333333335,14.666666666666666,14.0,200.69444444444446,1.0,0.6,2050.0,12.0,-1250.0,822.0908303425682,2.3094010767585034,9864,9790.666666666666,0.0,Reliable High Performer,True,ml_model
Y9202P9U-20260914-section-1,#P8RRQ2CR0,アラジン,#J29J90P,isao,0,0,0,1,10.0,1966.6666666666667,9.666666666666666,14.5,136.3782051282051,0.6,0.2,3100.0,16.0,300.0,1709.775813764288,8.504900548115382,5098,5038.0,,Not Enough History,True,ml_model
Y9202P9U-20260914-section-1,#P92L0U0QQ,legi#apfel,#9VLJRY2J,Gentleman Jack,0,0,0,1,8.0,1533.3333333333333,8.0,12.0,131.25,0.8,0.4,2900.0,16.0,1200.0,1457.166199626293,8.0,5091,5027.666666666667,,Not Enough History,True,ml_model
Y9202P9U-20260914-section-1,#P9YJLJQ8,Leon,#9VLJRY2J,Gentleman Jack,0,0,0,1,8.0,900.0,6.0,7.0,105.95238095238096,0.6,0.2,2000.0,14.0,2000.0,1014.889156509222,7.211102550927978,5091,5027.666666666667,,Not Enough History,True,ml_model
Y9202P9U-20260914-section-1,#PCCJL82JQ,KM | Ch!ll3r,#9VLJRY2J,Gentleman Jack,0,0,0,1,8.0,1533.3333333333333,9.333333333333334,14.0,111.80555555555554,0.8,0.4,2300.0,16.0,0.0,1327.9056191361394,8.326663997864532,5091,5027.666666666667,,Not Enough History,True,ml_model
Y9202P9U-20260914-section-1,#PCJYGUYU,♠️Cam♦️,#Y9202P9U,Galactic Kings,0,0,0,1,6.0,550.0,3.0,4.5,61.111111111111114,0.2,0.0,1650.0,9.0,1650.0,952.6279441628825,5.196152422706632,9864,9790.666666666666,2.0,Low-Participation Player,True,ml_model
Y9202P9U-20260914-section-1,#PGPCJCY2,LandShark,#Y9202P9U,Galactic Kings,0,0,0,1,10.0,2333.3333333333335,12.666666666666666,12.0,183.63095238095238,1.0,0.2,1400.0,8.0,-1300.0,814.4527815247077,4.163331998932265,9864,9790.666666666666,0.0,Reliable High Performer,True,ml_model
Y9202P9U-20260914-section-1,#PGYLC8GQP,Zeski,#YV8JLPC2,ILLUMINATI 2.0,0,0,0,1,10.0,2850.0,15.666666666666666,16.0,181.875,1.0,0.6,2950.0,16.0,50.0,132.28756555322954,0.5773502691896257,4877,4890.333333333333,,Not Enough History,True,ml_model
Y9202P9U-20260914-section-1,#PJ0Y2QL0C,BBB I Zz._.zZ,#9VLJRY2J,Gentleman Jack,0,0,0,1,10.0,700.0,4.0,4.0,175.0,0.8,0.0,800.0,4.0,-100.0,264.5751311064591,0.0,5091,5027.666666666667,,Not Enough History,True,ml_model
Y9202P9U-20260914-section-1,#PJL8RYPVY,FNO Davis,#LUG9LVC0,37XU,0,0,0,1,9.0,2733.3333333333335,14.666666666666666,14.0,188.19444444444446,1.0,0.6,2500.0,12.0,-350.0,202.07259421636903,2.3094010767585034,5037,4997.0,,Not Enough History,True,ml_model
Y9202P9U-20260914-section-1,#PL222J22P,MrGJC✨,#LUG9LVC0,37XU,0,0,0,1,10.0,2366.6666666666665,11.0,14.5,217.14743589743588,0.8,0.2,3500.0,16.0,800.0,1331.6656236958784,6.244997998398398,5037,4997.0,,Not Enough History,True,ml_model
Y9202P9U-20260914-section-1,#PL9J8G9QV,BBB I NCLS,#9VLJRY2J,Gentleman Jack,0,0,0,1,7.0,2166.6666666666665,13.333333333333334,14.0,157.63888888888889,1.0,0.2,2000.0,12.0,-1300.0,1059.8742063723096,2.3094010767585034,5091,5027.666666666667,,Not Enough History,True,ml_model
Y9202P9U-20260914-section-1,#PLP2RYYP8,Glitch,#LUG9LVC0,37XU,0,0,0,1,9.0,1866.6666666666667,9.333333333333334,12.0,193.75,1.0,0.2,3500.0,16.0,2200.0,1436.4307617610164,6.110100926607786,5037,4997.0,,Not Enough History,True,ml_model
Y9202P9U-20260914-section-1,#PLPYQ092R,オルゴ・デミーラ,#J29J90P,isao,0,0,0,1,10.0,2166.6666666666665,10.666666666666666,16.0,135.41666666666666,0.6,0.4,3300.0,16.0,100.0,1877.054430040145,9.237604307034013,5098,5038.0,,Not Enough History,True,ml_model
Y9202P9U-20260914-section-1,#PLRQCCV9L,☆♤♧,#LUG9LVC0,37XU,0,0,0,0,4.0,450.0,3.6666666666666665,0.5,75.0,0.75,0.0,0.0,0.0,-100.0,694.6221994724903,5.507570547286102,5037,4997.0,,Not Enough History,True,ml_model
Y9202P9U-20260914-section-1,#PLV0Q2LV,anshu0603,#J29J90P,isao,0,0,0,1,10.0,2166.6666666666665,10.666666666666666,16.0,135.41666666666666,0.6,0.4,3000.0,16.0,-500.0,1892.9694486000913,9.237604307034013,5098,5038.0,,Not Enough History,True,ml_model
Y9202P9U-20260914-section-1,#PP9CUCVL,lego,#LUG9LVC0,37XU,0,0,0,1,10.0,3066.6666666666665,16.0,16.0,191.66666666666666,1.0,0.8,2850.0,16.0,-200.0,225.46248764114472,0.0,5037,4997.0,,Not Enough History,True,ml_model
Y9202P9U-20260914-section-1,#PPJUUQ0LU,SEGA,#LUG9LVC0,37XU,0,0,0,0,1.0,75.0,1.0,1.0,75.0,1.0,0.0,75.0,1.0,0.0,,,5037,4997.0,,Not Enough History,False,limited_history
Y9202P9U-20260914-section-1,#PPLJYPL8Q,Luiz CR☄️,#Y9202P9U,Galactic Kings,0,0,0,1,2.0,50.0,0.5,0.5,50.0,0.5,0.0,0.0,0.0,-100.0,70.71067811865476,0.7071067811865476,9864,9790.666666666666,,Not Enough History,False,limited_history
Y9202P9U-20260914-section-1,#PQ8Q2PYY,Catsh*t,#LUG9LVC0,37XU,0,0,0,1,10.0,2850.0,16.0,16.0,178.125,1.0,0.8,2400.0,16.0,-700.0,390.51248379533274,0.0,5037,4997.0,,Not Enough History,True,ml_model
Y9202P9U-20260914-section-1,#PQC28RU8Q,Connor,#LUG9LVC0,37XU,0,0,0,1,10.0,2816.6666666666665,16.0,16.0,176.04166666666666,1.0,0.8,2700.0,16.0,-50.0,160.7275126832159,0.0,5037,4997.0,,Not Enough History,True,ml_model
Y9202P9U-20260914-section-1,#PQJ8U82LG,TOAST,#LUG9LVC0,37XU,0,0,0,1,10.0,3066.6666666666665,16.0,16.0,191.66666666666666,1.0,1.0,2800.0,16.0,-300.0,251.66114784235833,0.0,5037,4997.0,,Not Enough History,True,ml_model
Y9202P9U-20260914-section-1,#PQLJ08Y82,fast af boi,#LUG9LVC0,37XU,0,0,0,0,,,,,,,,,,,,,5037,4997.0,,Not Enough History,False,clan_baseline
Y9202P9U-20260914-section-1,#PRPJVQV0G,♧☆》Hercules《☆♧,#9VLJRY2J,Gentleman Jack,0,0,0,1,8.0,1450.0,8.0,12.0,120.83333333333333,0.8,0.0,2000.0,12.0,-350.0,1267.8722333105966,6.928203230275509,5091,5027.666666666667,,Not Enough History,True,ml_model
Y9202P9U-20260914-section-1,#PVJ80LQU,ProB,#Y9202P9U,Galactic Kings,0,0,0,1,10.0,2600.0,14.666666666666666,14.0,175.3472222222222,1.0,0.4,1850.0,12.0,-1550.0,776.2087348130012,2.3094010767585034,9864,9790.666666666666,0.0,Reliable High Performer,True,ml_model
Y9202P9U-20260914-section-1,#PY9VVC9RQ,NICNOCISMAEL,#LUG9LVC0,37XU,0,0,0,1,10.0,2666.6666666666665,16.0,16.0,166.66666666666666,1.0,0.8,2450.0,16.0,-450.0,225.46248764114472,0.0,5037,4997.0,,Not Enough History,True,ml_model
Y9202P9U-20260914-section-1,#Q0GVLRRU,Cobrito❤️Moni,#Y9202P9U,Galactic Kings,0,0,0,1,10.0,2783.3333333333335,14.666666666666666,14.0,190.625,1.0,0.4,2400.0,12.0,-650.0,340.3429642777023,2.3094010767585034,9864,9790.666666666666,0.0,Reliable High Performer,True,ml_model
Y9202P9U-20260914-section-1,#Q0JQUY8U0,|dustin|,#9VLJRY2J,Gentleman Jack,0,0,0,1,3.0,1933.3333333333333,10.666666666666666,16.0,120.83333333333333,0.6666666666666666,0.6666666666666666,2750.0,16.0,-300.0,1681.0215148335649,9.237604307034013,5091,5027.666666666667,,Not Enough History,True,ml_model
Y9202P9U-20260914-section-1,#Q0UQJ98Y,xM4rcxShadowx,#9VLJRY2J,Gentleman Jack,0,0,0,1,8.0,2416.6666666666665,16.0,16.0,151.04166666666666,1.0,1.0,2050.0,16.0,-950.0,510.7184482014854,0.0,5091,5027.666666666667,,Not Enough History,True,ml_model
Y9202P9U-20260914-section-1,#Q0Y9VUQG9,Jenner8,#Y9202P9U,Galactic Kings,0,0,0,1,10.0,2450.0,16.0,16.0,153.125,1.0,0.8,2200.0,16.0,-50.0,390.51248379533274,0.0,9864,9790.666666666666,0.0,Reliable High Performer,True,ml_model
Y9202P9U-20260914-section-1,#Q9JURC8RG,reaperwarrior,#Y9202P9U,Galactic Kings,0,0,0,1,12.0,2666.6666666666665,13.333333333333334,12.0,200.0,1.0,0.2,2450.0,12.0,100.0,464.5786621588785,2.3094010767585034,9864,9790.666666666666,1.0,Inconsistent Contributor,True,ml_model
Y9202P9U-20260914-section-1,#QJ9C800UU,Lourd Game,#YV8JLPC2,ILLUMINATI 2.0,0,0,0,1,10.0,2816.6666666666665,16.0,16.0,176.04166666666666,1.0,1.0,2800.0,16.0,-200.0,175.5942292142123,0.0,4877,4890.333333333333,,Not Enough History,True,ml_model
Y9202P9U-20260914-section-1,#QJP88JCJ0,Bryan,#LUG9LVC0,37XU,0,0,0,1,10.0,2566.6666666666665,14.666666666666666,16.0,176.38888888888889,1.0,0.6,2750.0,16.0,100.0,236.29078131263043,2.3094010767585034,5037,4997.0,,Not Enough History,True,ml_model
Y9202P9U-20260914-section-1,#QJPGQPU,Storm,#Y9202P9U,Galactic Kings,0,0,0,1,10.0,2916.6666666666665,16.0,16.0,182.29166666666666,1.0,1.0,2150.0,16.0,-1050.0,671.4412359494562,0.0,9864,9790.666666666666,0.0,Reliable High Performer,True,ml_model
Y9202P9U-20260914-section-1,#QJQG0GYUL,<c9> Hundy,#9VLJRY2J,Gentleman Jack,0,0,0,1,10.0,2083.3333333333335,10.666666666666666,16.0,130.20833333333334,0.6,0.4,3050.0,16.0,-150.0,1805.777764104247,9.237604307034013,5091,5027.666666666667,,Not Enough History,True,ml_model
Y9202P9U-20260914-section-1,#QP80Y20C8,aiko,#J29J90P,isao,0,0,0,1,10.0,2183.3333333333335,10.666666666666666,16.0,136.45833333333334,0.6,0.4,3050.0,16.0,-450.0,1904.1621079449442,9.237604307034013,5098,5038.0,,Not Enough History,True,ml_model
Y9202P9U-20260914-section-1,#QR09J88L9,ÖzilBaby,#J29J90P,isao,0,0,0,1,10.0,1833.3333333333333,10.666666666666666,16.0,114.58333333333333,0.4,0.4,2600.0,16.0,-300.0,1594.7831618540915,9.237604307034013,5098,5038.0,,Not Enough History,True,ml_model
Y9202P9U-20260914-section-1,#QRG9PGP2,ANGELS ROYALE,#YV8JLPC2,ILLUMINATI 2.0,0,0,0,1,10.0,2850.0,16.0,16.0,178.125,1.0,1.0,2800.0,16.0,150.0,229.128784747792,0.0,4877,4890.333333333333,,Not Enough History,True,ml_model
Y9202P9U-20260914-section-1,#QV9YQ2JL,Boozer✨️,#Y9202P9U,Galactic Kings,0,0,0,0,10.0,1616.6666666666667,8.0,6.0,134.72222222222223,0.8,0.0,2350.0,12.0,2350.0,1402.0817855365403,6.928203230275509,9864,9790.666666666666,1.0,Inconsistent Contributor,True,ml_model
Y9202P9U-20260914-section-1,#QV9YY2Q88,Hukashura,#YV8JLPC2,ILLUMINATI 2.0,0,0,0,1,10.0,2700.0,16.0,16.0,168.75,1.0,1.0,3100.0,16.0,300.0,458.257569495584,0.0,4877,4890.333333333333,,Not Enough History,True,ml_model
Y9202P9U-20260914-section-1,#QYYRGJ0Q,ömer!,#9VLJRY2J,Gentleman Jack,0,0,0,1,7.0,2183.3333333333335,10.666666666666666,16.0,136.45833333333334,0.8,0.6,3300.0,16.0,50.0,1890.9873963972718,9.237604307034013,5091,5027.666666666667,,Not Enough History,True,ml_model
Y9202P9U-20260914-section-1,#R0LL0LV0G,破壊神コッシー,#J29J90P,isao,0,0,0,1,10.0,1950.0,10.666666666666666,16.0,121.875,0.6,0.4,2700.0,16.0,-450.0,1703.672503740082,9.237604307034013,5098,5038.0,,Not Enough History,True,ml_model
Y9202P9U-20260914-section-1,#R8JUGR2GP,りりと,#J29J90P,isao,0,0,0,1,9.0,1866.6666666666667,10.666666666666666,16.0,116.66666666666667,0.6,0.4,2750.0,16.0,-100.0,1617.353805861084,9.237604307034013,5098,5038.0,,Not Enough History,True,ml_model
Y9202P9U-20260914-section-1,#R8V2YVG8G,TOMMY,#LUG9LVC0,37XU,0,0,0,1,2.0,2850.0,16.0,16.0,178.125,1.0,1.0,2500.0,16.0,-700.0,494.9747468305833,0.0,5037,4997.0,,Not Enough History,False,limited_history
Y9202P9U-20260914-section-1,#R900QRJ0J,もも,#J29J90P,isao,0,0,0,1,10.0,1783.3333333333333,9.333333333333334,14.0,124.30555555555554,0.6,0.2,1850.0,12.0,-1650.0,1750.95212194204,8.326663997864532,5098,5038.0,,Not Enough History,True,ml_model
Y9202P9U-20260914-section-1,#RC2C8L2R8,Niclas,#9VLJRY2J,Gentleman Jack,0,0,0,1,7.0,2600.0,16.0,16.0,162.5,1.0,1.0,2900.0,16.0,-400.0,888.8194417315589,0.0,5091,5027.666666666667,,Not Enough History,True,ml_model
Y9202P9U-20260914-section-1,#RGGYUGG8R,弱者,#J29J90P,isao,0,0,0,1,10.0,1833.3333333333333,10.666666666666666,16.0,114.58333333333333,0.6,0.4,2500.0,16.0,-500.0,1607.2751268321592,9.237604307034013,5098,5038.0,,Not Enough History,True,ml_model
Y9202P9U-20260914-section-1,#RGPUQVQGJ,hans❤️bait,#9VLJRY2J,Gentleman Jack,0,0,2,1,8.0,2200.0,10.666666666666666,16.0,137.5,0.6,0.6,3400.0,16.0,200.0,1907.8784028338912,9.237604307034013,5091,5027.666666666667,,Not Enough History,True,ml_model
Y9202P9U-20260914-section-1,#RGUP8P2VG,PPAPくん,#J29J90P,isao,0,0,0,1,10.0,2083.3333333333335,10.666666666666666,16.0,130.20833333333334,0.6,0.4,2950.0,16.0,-350.0,1812.6867719860852,9.237604307034013,5098,5038.0,,Not Enough History,True,ml_model
Y9202P9U-20260914-section-1,#RL0QU2P2,⚡️ILM丨OLIVEIRA”,#YV8JLPC2,ILLUMINATI 2.0,0,0,0,0,7.0,0.0,0.0,0.0,0.0,0.0,0.0,0.0,0.0,0.0,0.0,0.0,4877,4890.333333333333,,Not Enough History,True,ml_model
Y9202P9U-20260914-section-1,#RLC920VU0,ℵΛMƎ,#Y9202P9U,Galactic Kings,0,0,0,0,3.0,1333.3333333333333,6.666666666666667,2.0,108.33333333333333,0.6666666666666666,0.3333333333333333,0.0,0.0,-400.0,1973.1531449264992,8.32666399786453,9864,9790.666666666666,,Not Enough History,True,ml_model
Y9202P9U-20260914-section-1,#RP0CGY,drum 9,#LUG9LVC0,37XU,0,0,0,1,6.0,2700.0,16.0,16.0,168.75,1.0,1.0,2600.0,16.0,50.0,217.94494717703367,0.0,5037,4997.0,,Not Enough History,True,ml_model
Y9202P9U-20260914-section-1,#RP8P82GPP,勇者翔のちん,#J29J90P,isao,0,0,0,1,10.0,1750.0,10.666666666666666,16.0,109.375,0.6,0.4,1950.0,16.0,-1350.0,1659.0660023037058,9.237604307034013,5098,5038.0,,Not Enough History,True,ml_model
Y9202P9U-20260914-section-1,#RUJ9808Y,Hobertin,#YV8JLPC2,ILLUMINATI 2.0,0,0,0,1,10.0,2650.0,16.0,16.0,165.625,1.0,1.0,2150.0,16.0,-800.0,435.88989435406734,0.0,4877,4890.333333333333,,Not Enough History,True,ml_model
Y9202P9U-20260914-section-1,#RUU90U8LU,MD $,#YV8JLPC2,ILLUMINATI 2.0,0,0,0,0,1.0,0.0,0.0,0.0,0.0,0.0,0.0,0.0,0.0,0.0,,,4877,4890.333333333333,,Not Enough History,False,limited_history
Y9202P9U-20260914-section-1,#RV9VCRU9J,Lealzin4:20,#YV8JLPC2,ILLUMINATI 2.0,0,0,0,0,1.0,0.0,0.0,0.0,0.0,0.0,0.0,0.0,0.0,0.0,,,4877,4890.333333333333,,Not Enough History,False,limited_history
Y9202P9U-20260914-section-1,#RY8J0CYCP,ismael,#LUG9LVC0,37XU,0,0,0,1,10.0,2533.3333333333335,16.0,16.0,158.33333333333334,1.0,0.8,2400.0,16.0,-100.0,152.75252316519467,0.0,5037,4997.0,,Not Enough History,True,ml_model
Y9202P9U-20260914-section-1,#RYU002QGP,@vegazn.ff,#YV8JLPC2,ILLUMINATI 2.0,0,0,0,1,10.0,2583.3333333333335,16.0,16.0,161.45833333333334,1.0,1.0,2900.0,16.0,750.0,388.3726732577014,0.0,4877,4890.333333333333,,Not Enough History,True,ml_model
Y9202P9U-20260914-section-1,#U0P0PJJ2R,ケビン・アンドレ,#LUG9LVC0,37XU,0,0,0,1,10.0,2033.3333333333333,10.666666666666666,8.0,127.08333333333333,0.8,0.6,2800.0,16.0,2800.0,1778.57620959388,9.237604307034013,5037,4997.0,,Not Enough History,True,ml_model
Y9202P9U-20260914-section-1,#U8L88PUJU,for nothing!,#Y9202P9U,Galactic Kings,0,0,0,1,10.0,3050.0,14.666666666666666,14.0,209.375,1.0,0.4,2700.0,12.0,-350.0,350.0,2.3094010767585034,9864,9790.666666666666,0.0,Reliable High Performer,True,ml_model
Y9202P9U-20260914-section-1,#U8Q9CGYU,⚡Agustin⚡,#Y9202P9U,Galactic Kings,0,0,0,0,10.0,2983.3333333333335,14.666666666666666,14.0,203.81944444444446,1.0,0.4,2500.0,12.0,-1000.0,500.83264004389065,2.3094010767585034,9864,9790.666666666666,0.0,Reliable High Performer,True,ml_model
Y9202P9U-20260914-section-1,#U8R8VGRJJ,JAGUAR,#LUG9LVC0,37XU,0,0,0,0,,,,,,,,,,,,,5037,4997.0,,Not Enough History,False,clan_baseline
Y9202P9U-20260914-section-1,#U92LRVR9U,tij0liN,#YV8JLPC2,ILLUMINATI 2.0,0,0,0,0,10.0,2700.0,16.0,16.0,168.75,1.0,1.0,2950.0,16.0,700.0,390.51248379533274,0.0,4877,4890.333333333333,,Not Enough History,True,ml_model
Y9202P9U-20260914-section-1,#UC9J89QRY,RUM SHIP,#Y9202P9U,Galactic Kings,0,0,0,0,10.0,266.6666666666667,1.3333333333333333,2.0,66.66666666666667,0.4,0.0,800.0,4.0,800.0,461.8802153517006,2.3094010767585034,9864,9790.666666666666,2.0,Low-Participation Player,True,ml_model
Y9202P9U-20260914-section-1,#UCP0RPG,Flo 5,#9VLJRY2J,Gentleman Jack,0,0,0,1,7.0,2666.6666666666665,16.0,16.0,166.66666666666666,1.0,1.0,2750.0,16.0,100.0,76.37626158259734,0.0,5091,5027.666666666667,,Not Enough History,True,ml_model
Y9202P9U-20260914-section-1,#UCPU02LC,CatchTheseHands,#LUG9LVC0,37XU,0,0,0,1,10.0,2450.0,16.0,16.0,153.125,1.0,1.0,2300.0,16.0,-100.0,180.27756377319946,0.0,5037,4997.0,,Not Enough History,True,ml_model
Y9202P9U-20260914-section-1,#UCQP8828L,ian,#YV8JLPC2,ILLUMINATI 2.0,0,0,0,0,,,,,,,,,,,,,4877,4890.333333333333,,Not Enough History,False,clan_baseline
Y9202P9U-20260914-section-1,#UGRGUVL2U,Tom,#LUG9LVC0,37XU,0,0,0,0,6.0,0.0,0.0,0.0,0.0,0.2,0.0,0.0,0.0,0.0,0.0,0.0,5037,4997.0,,Not Enough History,True,ml_model
Y9202P9U-20260914-section-1,#UGUU229RC,strakeey,#YV8JLPC2,ILLUMINATI 2.0,0,0,0,1,5.0,2983.3333333333335,16.0,16.0,186.45833333333334,1.0,1.0,2950.0,16.0,0.0,57.735026918962575,0.0,4877,4890.333333333333,,Not Enough History,True,ml_model
Y9202P9U-20260914-section-1,#UJRR8QGUJ,The Iso Zo,#Y9202P9U,Galactic Kings,0,0,0,0,2.0,1750.0,8.0,8.0,109.375,0.5,0.5,0.0,0.0,-3500.0,2474.8737341529163,11.313708498984761,9864,9790.666666666666,,Not Enough History,False,limited_history
Y9202P9U-20260914-section-1,#UJRV020U8,Labarewski,#YV8JLPC2,ILLUMINATI 2.0,0,0,0,1,10.0,2500.0,15.333333333333334,16.0,162.5,1.0,0.8,2600.0,16.0,-200.0,360.5551275463989,1.1547005383792517,4877,4890.333333333333,,Not Enough History,True,ml_model
Y9202P9U-20260914-section-1,#UJUUQYL0U,Charli,#LUG9LVC0,37XU,0,0,0,0,1.0,0.0,0.0,0.0,0.0,0.0,0.0,0.0,0.0,0.0,,,5037,4997.0,,Not Enough History,False,limited_history
Y9202P9U-20260914-section-1,#UL2RGLCV8,Andre1990,#9VLJRY2J,Gentleman Jack,0,0,0,0,7.0,1750.0,10.0,15.0,115.17857142857143,0.6,0.2,1950.0,14.0,-1350.0,1659.0660023037058,8.717797887081348,5091,5027.666666666667,,Not Enough History,True,ml_model
Y9202P9U-20260914-section-1,#UL9ULVLJR,if,#J29J90P,isao,0,0,0,0,10.0,1716.6666666666667,10.666666666666666,16.0,107.29166666666667,0.6,0.4,2500.0,16.0,-150.0,1488.5675440951052,9.237604307034013,5098,5038.0,,Not Enough History,True,ml_model
Y9202P9U-20260914-section-1,#ULQL9L0J8,● 生命の木✨,#YV8JLPC2,ILLUMINATI 2.0,0,0,0,1,,,,,,,,,,,,,4877,4890.333333333333,,Not Enough History,False,clan_baseline
Y9202P9U-20260914-section-1,#ULV0RPYJR,Always Lucky,#Y9202P9U,Galactic Kings,0,0,0,1,10.0,1033.3333333333333,8.0,8.0,129.16666666666666,0.8,0.0,900.0,8.0,-100.0,152.75252316519467,0.0,9864,9790.666666666666,2.0,Low-Participation Player,True,ml_model
Y9202P9U-20260914-section-1,#ULVP8GRR0,Sightless™ I 強的,#Y9202P9U,Galactic Kings,0,0,0,0,3.0,3150.0,14.666666666666666,14.0,215.625,1.0,0.6666666666666666,2700.0,12.0,-550.0,409.2676385936225,2.3094010767585034,9864,9790.666666666666,,Not Enough History,True,ml_model
Y9202P9U-20260914-section-1,#UQG9J00G2,Rodrigotd2,#YV8JLPC2,ILLUMINATI 2.0,0,0,0,1,10.0,3050.0,16.0,16.0,190.625,1.0,1.0,3100.0,16.0,-300.0,377.4917217635375,0.0,4877,4890.333333333333,,Not Enough History,True,ml_model
Y9202P9U-20260914-section-1,#UR8892990,tyutyuyu,#J29J90P,isao,0,0,1,1,2.0,2525.0,16.0,16.0,157.8125,1.0,1.0,2750.0,16.0,450.0,318.1980515339464,0.0,5098,5038.0,,Not Enough History,False,limited_history
Y9202P9U-20260914-section-1,#URLUVUCUJ,Zarr0x♥️サラ,#9VLJRY2J,Gentleman Jack,0,0,0,1,5.0,1916.6666666666667,10.666666666666666,16.0,119.79166666666667,0.8,0.8,2450.0,16.0,-850.0,1713.4273644754635,9.237604307034013,5091,5027.666666666667,,Not Enough History,True,ml_model
Y9202P9U-20260914-section-1,#UU80U8U90,Vinola_09,#YV8JLPC2,ILLUMINATI 2.0,0,0,0,1,10.0,2750.0,16.0,16.0,171.875,1.0,1.0,2550.0,16.0,-400.0,200.0,0.0,4877,4890.333333333333,,Not Enough History,True,ml_model
Y9202P9U-20260914-section-1,#UUVCRJYUC,EW,#LUG9LVC0,37XU,0,0,0,1,10.0,2450.0,14.0,13.0,173.75,1.0,0.6,1650.0,10.0,-1300.0,700.0,3.4641016151377544,5037,4997.0,,Not Enough History,True,ml_model
Y9202P9U-20260914-section-1,#UV28VJUG8,Hudson-Odoi 2JR,#LUG9LVC0,37XU,0,0,0,0,9.0,0.0,0.0,0.0,0.0,0.4,0.0,0.0,0.0,0.0,0.0,0.0,5037,4997.0,,Not Enough History,True,ml_model
Y9202P9U-20260914-section-1,#UYPQGPJRP,Ford Android,#9VLJRY2J,Gentleman Jack,0,0,0,1,8.0,833.3333333333334,5.333333333333333,8.0,52.083333333333336,0.6,0.2,2500.0,16.0,2500.0,1443.3756729740644,9.237604307034013,5091,5027.666666666667,,Not Enough History,True,ml_model
Y9202P9U-20260914-section-1,#UYR2VQYG,INOSUKE,#LUG9LVC0,37XU,0,0,0,0,,,,,,,,,,,,,5037,4997.0,,Not Enough History,False,clan_baseline
Y9202P9U-20260914-section-1,#V02YCQ20G,おむ,#J29J90P,isao,0,0,1,1,10.0,1916.6666666666667,9.333333333333334,14.0,135.41666666666666,0.6,0.2,2250.0,12.0,-1250.0,1773.649721149397,8.326663997864532,5098,5038.0,,Not Enough History,True,ml_model
Y9202P9U-20260914-section-1,#V0VP00VG8,Max Verstappen,#LUG9LVC0,37XU,0,0,0,0,5.0,33.333333333333336,0.3333333333333333,0.5,33.333333333333336,0.2,0.0,100.0,1.0,100.0,57.735026918962575,0.5773502691896258,5037,4997.0,,Not Enough History,True,ml_model
Y9202P9U-20260914-section-1,#V28C029GL,GJ⚡️F3L!X2005⚡️,#9VLJRY2J,Gentleman Jack,0,0,0,1,8.0,2516.6666666666665,13.333333333333334,14.0,189.58333333333334,1.0,0.6,2900.0,16.0,500.0,340.3429642777023,2.3094010767585034,5091,5027.666666666667,,Not Enough History,True,ml_model
Y9202P9U-20260914-section-1,#V2L2J9GLQ,アンちゃん,#J29J90P,isao,0,0,0,1,10.0,2300.0,10.666666666666666,16.0,143.75,0.6,0.4,3300.0,16.0,-300.0,1997.498435543818,9.237604307034013,5098,5038.0,,Not Enough History,True,ml_model
Y9202P9U-20260914-section-1,#V8Q0VPQP8,lala,#YV8JLPC2,ILLUMINATI 2.0,0,0,0,0,1.0,0.0,0.0,0.0,0.0,0.0,0.0,0.0,0.0,0.0,,,4877,4890.333333333333,,Not Enough History,False,limited_history
Y9202P9U-20260914-section-1,#V8UCG9UVQ,chickenuuget,#LUG9LVC0,37XU,0,0,0,1,10.0,3000.0,16.0,16.0,187.5,1.0,0.8,3250.0,16.0,600.0,312.2498999199199,0.0,5037,4997.0,,Not Enough History,True,ml_model
Y9202P9U-20260914-section-1,#V9LPU9GJY,mmmmmmmmaaaammm,#9VLJRY2J,Gentleman Jack,0,0,0,1,8.0,2883.3333333333335,16.0,16.0,180.20833333333334,1.0,1.0,2750.0,16.0,0.0,230.9401076758503,0.0,5091,5027.666666666667,,Not Enough History,True,ml_model
Y9202P9U-20260914-section-1,#V9V9YP2VC,caedye,#J29J90P,isao,0,0,0,1,6.0,2100.0,10.666666666666666,16.0,131.25,0.6,0.4,3000.0,16.0,-300.0,1824.8287590894658,9.237604307034013,5098,5038.0,,Not Enough History,True,ml_model
Y9202P9U-20260914-section-1,#VCGCPVYCC,KingMaster3000,#9VLJRY2J,Gentleman Jack,0,0,0,1,8.0,2550.0,16.0,16.0,159.375,0.8,0.8,2650.0,16.0,-650.0,804.6738469715541,0.0,5091,5027.666666666667,,Not Enough History,True,ml_model
Y9202P9U-20260914-section-1,#VCUCJVQUV,hempinaldo,#YV8JLPC2,ILLUMINATI 2.0,0,0,0,0,,,,,,,,,,,,,4877,4890.333333333333,,Not Enough History,False,clan_baseline
Y9202P9U-20260914-section-1,#VCYYP8UP,NinjaApple123,#LUG9LVC0,37XU,0,0,0,0,10.0,2166.6666666666665,13.333333333333334,14.0,161.1111111111111,1.0,0.2,1700.0,12.0,-1100.0,568.6240703077327,2.3094010767585034,5037,4997.0,,Not Enough History,True,ml_model
Y9202P9U-20260914-section-1,#VG9JJQY8J,BBB✨Darkvortex✨,#9VLJRY2J,Gentleman Jack,0,0,0,0,6.0,1800.0,13.333333333333334,12.0,140.625,1.0,0.4,1350.0,8.0,-1100.0,576.6281297335398,4.618802153517006,5091,5027.666666666667,,Not Enough History,True,ml_model
Y9202P9U-20260914-section-1,#VGCPUYRUL,をむぬ,#J29J90P,isao,0,0,0,1,1.0,2300.0,16.0,16.0,143.75,1.0,1.0,2300.0,16.0,0.0,,,5098,5038.0,,Not Enough History,False,limited_history
Y9202P9U-20260914-section-1,#VGCYJYQGJ,▁ ▂ ▃ ▄ ▅ ▆ █ Ⓓ,#Y9202P9U,Galactic Kings,0,0,0,0,1.0,900.0,4.0,4.0,225.0,1.0,0.0,900.0,4.0,0.0,,,9864,9790.666666666666,,Not Enough History,False,limited_history
Y9202P9U-20260914-section-1,#VGP8PL9QP,валейкум,#9VLJRY2J,Gentleman Jack,0,0,0,0,1.0,0.0,0.0,0.0,0.0,0.0,0.0,0.0,0.0,0.0,,,5091,5027.666666666667,,Not Enough History,False,limited_history
Y9202P9U-20260914-section-1,#VGU09C8RP,オルゴ・デミーラ,#J29J90P,isao,0,0,0,0,10.0,0.0,0.0,0.0,0.0,0.4,0.0,0.0,0.0,0.0,0.0,0.0,5098,5038.0,,Not Enough History,True,ml_model
Y9202P9U-20260914-section-1,#VJC80YJC,Floki,#9VLJRY2J,Gentleman Jack,0,0,0,1,8.0,2033.3333333333333,13.666666666666666,14.0,150.0,0.8,0.4,2400.0,16.0,0.0,635.0852961085883,2.081665999466133,5091,5027.666666666667,,Not Enough History,True,ml_model
Y9202P9U-20260914-section-1,#VLQJPVV80,江口丸,#J29J90P,isao,0,0,0,1,9.0,1683.3333333333333,10.666666666666666,16.0,105.20833333333333,0.6,0.4,2650.0,16.0,250.0,1463.1586835792396,9.237604307034013,5098,5038.0,,Not Enough History,True,ml_model
Y9202P9U-20260914-section-1,#VP0UL0RY8,Papito,#9VLJRY2J,Gentleman Jack,0,0,0,0,1.0,0.0,0.0,0.0,0.0,0.0,0.0,0.0,0.0,0.0,,,5091,5027.666666666667,,Not Enough History,False,limited_history
Y9202P9U-20260914-section-1,#VP8PQ2Y89,Zack,#LUG9LVC0,37XU,0,0,0,1,10.0,2666.6666666666665,16.0,16.0,166.66666666666666,1.0,0.8,2400.0,16.0,-250.0,275.3785273643051,0.0,5037,4997.0,,Not Enough History,True,ml_model
Y9202P9U-20260914-section-1,#VPCY0GG2C,Fishbot,#LUG9LVC0,37XU,0,0,0,0,,,,,,,,,,,,,5037,4997.0,,Not Enough History,False,clan_baseline
Y9202P9U-20260914-section-1,#VPQCLGQU,RUSVIN™ BR,#YV8JLPC2,ILLUMINATI 2.0,0,0,0,0,10.0,2950.0,16.0,16.0,184.375,1.0,1.0,2600.0,16.0,-750.0,377.4917217635375,0.0,4877,4890.333333333333,,Not Enough History,True,ml_model
Y9202P9U-20260914-section-1,#VQQLRRGRR,HumBleGuY,#Y9202P9U,Galactic Kings,0,0,0,0,11.0,2300.0,10.666666666666666,8.0,143.75,0.6,0.4,0.0,0.0,-3400.0,1992.4858845171275,9.237604307034013,9864,9790.666666666666,1.0,Inconsistent Contributor,True,ml_model
Y9202P9U-20260914-section-1,#VQQQCRL20,あるだぎゅれる,#J29J90P,isao,0,0,4,1,1.0,2050.0,16.0,16.0,128.125,1.0,1.0,2050.0,16.0,0.0,,,5098,5038.0,,Not Enough History,False,limited_history
Y9202P9U-20260914-section-1,#VRQLQVJ9P,BBB I ☆◇HERA◇☆,#9VLJRY2J,Gentleman Jack,0,0,0,1,,,,,,,,,,,,,5091,5027.666666666667,,Not Enough History,False,clan_baseline
Y9202P9U-20260914-section-1,#VUQU0YLU9,cachorro magro,#YV8JLPC2,ILLUMINATI 2.0,0,0,0,0,1.0,0.0,0.0,0.0,0.0,0.0,0.0,0.0,0.0,0.0,,,4877,4890.333333333333,,Not Enough History,False,limited_history
Y9202P9U-20260914-section-1,#VV8RQPV08,God D. Elf,#LUG9LVC0,37XU,0,0,0,0,1.0,75.0,1.0,1.0,75.0,1.0,0.0,75.0,1.0,0.0,,,5037,4997.0,,Not Enough History,False,limited_history
Y9202P9U-20260914-section-1,#VVC92Q2QL,bounty,#9VLJRY2J,Gentleman Jack,0,0,0,0,1.0,0.0,0.0,0.0,0.0,0.0,0.0,0.0,0.0,0.0,,,5091,5027.666666666667,,Not Enough History,False,limited_history
Y9202P9U-20260914-section-1,#VVL8UJQ8R,Sonfares,#9VLJRY2J,Gentleman Jack,0,0,0,0,1.0,0.0,0.0,0.0,0.0,0.0,0.0,0.0,0.0,0.0,,,5091,5027.666666666667,,Not Enough History,False,limited_history
Y9202P9U-20260914-section-1,#VVLV8JVGY,ギソ内ヌソ,#J29J90P,isao,0,0,3,1,2.0,3550.0,16.0,16.0,221.875,1.0,1.0,3500.0,16.0,-100.0,70.71067811865476,0.0,5098,5038.0,,Not Enough History,False,limited_history
Y9202P9U-20260914-section-1,#VYCL90C0R,Timbosui,#9VLJRY2J,Gentleman Jack,0,0,0,1,8.0,2250.0,10.666666666666666,16.0,140.625,0.8,0.8,3150.0,16.0,-450.0,1961.5045245933031,9.237604307034013,5091,5027.666666666667,,Not Enough History,True,ml_model
Y9202P9U-20260914-section-1,#VYQLQUULJ,Fumaça,#YV8JLPC2,ILLUMINATI 2.0,0,0,0,0,,,,,,,,,,,,,4877,4890.333333333333,,Not Enough History,False,clan_baseline
Y9202P9U-20260914-section-1,#Y0Y2J8CRU,CHRIS,#LUG9LVC0,37XU,0,0,0,1,10.0,2483.3333333333335,16.0,16.0,155.20833333333334,1.0,0.8,2500.0,16.0,-150.0,175.5942292142123,0.0,5037,4997.0,,Not Enough History,True,ml_model
Y9202P9U-20260914-section-1,#Y209JCGU,hog™️,#Y9202P9U,Galactic Kings,0,0,0,0,1.0,500.0,4.0,4.0,125.0,1.0,0.0,500.0,4.0,0.0,,,9864,9790.666666666666,,Not Enough History,False,limited_history
Y9202P9U-20260914-section-1,#Y29UJYYQ9,hipopótamo,#YV8JLPC2,ILLUMINATI 2.0,0,0,0,0,1.0,0.0,0.0,0.0,0.0,0.0,0.0,0.0,0.0,0.0,,,4877,4890.333333333333,,Not Enough History,False,limited_history
Y9202P9U-20260914-section-1,#Y2G9LJVGY,Agent,#Y9202P9U,Galactic Kings,0,0,0,1,7.0,2750.0,14.666666666666666,14.0,188.54166666666666,1.0,0.4,2400.0,12.0,-550.0,304.138126514911,2.3094010767585034,9864,9790.666666666666,0.0,Reliable High Performer,True,ml_model
Y9202P9U-20260914-section-1,#Y8VQLPQ8J,McLovin,#9VLJRY2J,Gentleman Jack,0,0,0,0,1.0,0.0,0.0,0.0,0.0,0.0,0.0,0.0,0.0,0.0,,,5091,5027.666666666667,,Not Enough History,False,limited_history
Y9202P9U-20260914-section-1,#Y992UG9P2,Seto Kaiba｜波多黎各,#Y9202P9U,Galactic Kings,0,0,0,1,10.0,2666.6666666666665,13.333333333333334,12.0,199.30555555555554,1.0,0.2,2300.0,12.0,-100.0,550.7570547286102,2.3094010767585034,9864,9790.666666666666,0.0,Reliable High Performer,True,ml_model
Y9202P9U-20260914-section-1,#Y9R8GURUP,Rizzo,#LUG9LVC0,37XU,0,0,0,1,10.0,2666.6666666666665,13.333333333333334,12.0,202.08333333333334,1.0,0.6,1700.0,8.0,-1500.0,838.6497083606082,4.618802153517006,5037,4997.0,,Not Enough History,True,ml_model
Y9202P9U-20260914-section-1,#YC2VCCQ8P,hog,#Y9202P9U,Galactic Kings,0,0,0,0,4.0,66.66666666666667,0.6666666666666666,1.0,33.333333333333336,0.5,0.0,200.0,2.0,200.0,115.47005383792515,1.1547005383792517,9864,9790.666666666666,,Not Enough History,True,ml_model
Y9202P9U-20260914-section-1,#YCLRCP09,Famoso c9,#YV8JLPC2,ILLUMINATI 2.0,0,0,0,0,,,,,,,,,,,,,4877,4890.333333333333,,Not Enough History,False,clan_baseline
Y9202P9U-20260914-section-1,#YJJQYJV2R,ひろと2,#J29J90P,isao,0,0,0,1,2.0,2475.0,16.0,16.0,154.6875,1.0,1.0,2500.0,16.0,50.0,35.35533905932738,0.0,5098,5038.0,,Not Enough History,False,limited_history
Y9202P9U-20260914-section-1,#YJP22LJ8G,おつんぽ様,#J29J90P,isao,0,0,0,1,10.0,1950.0,10.666666666666666,16.0,121.875,0.6,0.4,2350.0,16.0,-1150.0,1783.9562774911274,9.237604307034013,5098,5038.0,,Not Enough History,True,ml_model
Y9202P9U-20260914-section-1,#YLLQ9V9C8,Dukeypoo❤️Zo,#Y9202P9U,Galactic Kings,0,0,0,0,9.0,1408.3333333333333,6.666666666666667,6.0,141.31944444444446,0.6,0.0,2500.0,12.0,2500.0,1279.7297891872852,6.110100926607787,9864,9790.666666666666,2.0,Low-Participation Player,True,ml_model
Y9202P9U-20260914-section-1,#YP9L28LU,Thundrrun,#Y9202P9U,Galactic Kings,0,0,0,1,5.0,1750.0,9.333333333333334,6.0,122.22222222222221,0.8,0.2,1850.0,12.0,1850.0,1702.2044530549201,8.326663997864532,9864,9790.666666666666,,Not Enough History,True,ml_model
Y9202P9U-20260914-section-1,#YPPUJ0LGR,Kingclash,#YV8JLPC2,ILLUMINATI 2.0,0,0,0,1,,,,,,,,,,,,,4877,4890.333333333333,,Not Enough History,False,clan_baseline
Y9202P9U-20260914-section-1,#YPU0L8PY8,Kiwi rules,#LUG9LVC0,37XU,0,0,0,0,,,,,,,,,,,,,5037,4997.0,,Not Enough History,False,clan_baseline
Y9202P9U-20260914-section-1,#YQ0L9GU9R,•¥Enchantica¥•,#LUG9LVC0,37XU,0,0,0,1,10.0,3000.0,16.0,16.0,187.5,1.0,0.8,3300.0,16.0,550.0,278.3882181415011,0.0,5037,4997.0,,Not Enough History,True,ml_model
Y9202P9U-20260914-section-1,#YQGQP80Y,Cuttsy,#LUG9LVC0,37XU,0,0,0,1,10.0,2600.0,16.0,16.0,162.5,1.0,0.8,2500.0,16.0,150.0,312.2498999199199,0.0,5037,4997.0,,Not Enough History,True,ml_model
Y9202P9U-20260914-section-1,#YQYVRL2PL,Kenny Rogers,#LUG9LVC0,37XU,0,0,0,0,,,,,,,,,,,,,5037,4997.0,,Not Enough History,False,clan_baseline
Y9202P9U-20260914-section-1,#YR8V98P2Q,Clasher,#LUG9LVC0,37XU,0,0,0,1,8.0,2700.0,15.666666666666666,15.5,172.29166666666666,1.0,0.6,2550.0,15.0,-650.0,444.40972086577943,0.5773502691896257,5037,4997.0,,Not Enough History,True,ml_model
Y9202P9U-20260914-section-1,#YRVYR9LUQ,GuiZzim CR,#YV8JLPC2,ILLUMINATI 2.0,0,0,0,0,8.0,3033.3333333333335,16.0,16.0,189.58333333333334,1.0,1.0,3150.0,16.0,350.0,202.07259421636903,0.0,4877,4890.333333333333,,Not Enough History,True,ml_model
Y9202P9U-20260914-section-1,#YVL9RLC2C,guccy,#J29J90P,isao,0,0,0,1,10.0,2083.3333333333335,10.666666666666666,16.0,130.20833333333334,0.6,0.4,2750.0,16.0,-750.0,1842.7786989579984,9.237604307034013,5098,5038.0,,Not Enough History,True,ml_model
Y9202P9U-20260914-section-1,#YVVR92JG,⭐ ꜰᴀʙʀɪᴄɪᴏ™️,#YV8JLPC2,ILLUMINATI 2.0,0,0,0,0,3.0,1750.0,10.666666666666666,8.0,109.375,0.6666666666666666,0.6666666666666666,0.0,0.0,-2550.0,1517.3990905493517,9.237604307034013,4877,4890.333333333333,,Not Enough History,True,ml_model
Y9202P9U-20260914-section-1,#YY2Q9QJL,Höllenhund,#9VLJRY2J,Gentleman Jack,0,0,0,0,3.0,1050.0,8.0,6.0,87.5,0.6666666666666666,0.0,0.0,0.0,-1950.0,983.6157786453001,6.928203230275509,5091,5027.666666666667,,Not Enough History,True,ml_model
