player_tag,player_name,wars_observed,avg_fame,avg_decks,fame_std,decks_std,participation_rate,full_participation_rate,avg_efficiency,cluster,archetype_name
#202G2RQG08,поклянись,3,0.0,0.0,0.0,0.0,0.0,0.0,0.0,2,Low-Participation Player
#2080L2PY8G,オルゴ・デミーラ,5,180.0,1.6,248.99799195977465,2.1908902300206643,0.4,0.0,45.0,2,Low-Participation Player
#208UPR90L,SCCP I GoW!,7,2642.8571428571427,16.0,315.47394428670265,0.0,1.0,1.0,165.17857142857142,1,Reliable High Performer
#209JLQRPQ,Babsking,4,1450.0,7.0,1692.1386861996075,8.246211251235321,0.5,0.25,104.16666666666666,0,Inconsistent Contributor
#20CCYL9,ThunderStruck,7,2942.8571428571427,14.142857142857142,488.5595932846639,2.0354009783964293,1.0,0.42857142857142855,207.82738095238093,1,Reliable High Performer
#20CJQRL92,MateusR,7,2664.285714285714,16.0,293.98736610366683,0.0,1.0,1.0,166.51785714285714,1,Reliable High Performer
#20CL99VLG2,ᵗᵒʳʳᵉˢ •,3,0.0,0.0,0.0,0.0,0.0,0.0,0.0,2,Low-Participation Player
#20G2CY29L,BlackSoldier76,3,1766.6666666666667,13.0,175.59422921421228,1.7320508075688772,1.0,0.0,138.33333333333334,1,Reliable High Performer
#20GC2V0GC8,Firensch,3,33.333333333333336,0.3333333333333333,57.735026918962575,0.5773502691896258,0.3333333333333333,0.0,33.333333333333336,2,Low-Participation Player
#20JGR88GC9,MaTrK,7,2700.0,15.714285714285714,420.31734043061635,0.7559289460184545,1.0,0.8571428571428571,171.4923469387755,1,Reliable High Performer
#20P0JJG8P,焼きそばパン,5,0.0,0.0,0.0,0.0,0.0,0.0,0.0,2,Low-Participation Player
#20PCGL88Q,CzikaBajla✨,6,966.6666666666666,5.333333333333333,1253.262409340784,7.004760286167305,0.5,0.16666666666666666,92.70833333333333,0,Inconsistent Contributor
#20PQ9Y29R0,♕ ᴀʜᴍᴇᴅ ✩,5,0.0,0.0,0.0,0.0,0.0,0.0,0.0,2,Low-Participation Player
#20V0UCQVC,▶Ryoma,7,950.0,5.142857142857143,1397.318861248212,7.559289460184544,0.42857142857142855,0.2857142857142857,80.80357142857143,0,Inconsistent Contributor
#20VGUV9P8C,こさぶろう,6,383.3333333333333,2.6666666666666665,938.9710680668849,6.531972647421808,0.16666666666666666,0.16666666666666666,23.958333333333332,2,Low-Participation Player
#20YCYCJL2J,⚜️CaptainJack⚜️,4,650.0,5.0,754.983443527075,5.999999999999999,0.5,0.0,66.66666666666667,0,Inconsistent Contributor
#20YJL2P9U0,Özil youth,6,458.3333333333333,4.0,717.2284619747509,6.196773353931867,0.5,0.16666666666666666,56.770833333333336,0,Inconsistent Contributor
#22U02YYQ,TAPIR,7,2128.5714285714284,10.285714285714286,1595.529468770253,7.609517849690734,0.7142857142857143,0.5714285714285714,148.21428571428572,0,Inconsistent Contributor
#22UC0QQGU,E17,7,2264.285714285714,12.0,1099.5128791553882,5.656854249492381,0.8571428571428571,0.42857142857142855,161.75595238095235,0,Inconsistent Contributor
#22ULQY2GU,SISIFO,6,1450.0,8.333333333333334,1419.8591479439078,7.840068026915753,0.6666666666666666,0.3333333333333333,112.57440476190476,0,Inconsistent Contributor
#22YVJQ2JP,Matt The Cat™️,6,966.6666666666666,5.333333333333333,1114.7495981908523,6.022181221672648,0.5,0.0,89.58333333333333,0,Inconsistent Contributor
#289C8G22L,fufpfurdzedy,3,1716.6666666666667,10.666666666666666,1521.7862311551296,9.237604307034013,0.6666666666666666,0.6666666666666666,107.29166666666667,0,Inconsistent Contributor
#28L8UQV0U,YungGod,5,2450.0,16.0,545.4356057317857,0.0,1.0,1.0,153.125,1,Reliable High Performer
#28QYPL2J8,ErickPerez01,3,0.0,0.0,0.0,0.0,0.0,0.0,0.0,2,Low-Participation Player
#28R0YVP9R,BBB I Dominik✨,4,850.0,4.0,1700.0000000000002,8.0,0.25,0.25,53.125,0,Inconsistent Contributor
#28V9YPCU8,TAO | Joopie 來,3,0.0,0.0,0.0,0.0,0.0,0.0,0.0,2,Low-Participation Player
#290GCG8JQ,Jan64,5,380.0,3.2,549.5452665613634,5.215361924162119,0.4,0.0,55.0,2,Low-Participation Player
#292LQCL92,Moath_LY,3,1616.6666666666667,8.0,1402.0817855365403,6.928203230275509,0.6666666666666666,0.0,134.72222222222226,0,Inconsistent Contributor
#29GQUV92Q,L3W15RS,7,2446.4285714285716,12.571428571428571,1148.9513852701887,5.855400437691199,0.8571428571428571,0.5714285714285714,167.7827380952381,0,Inconsistent Contributor
#29RPV8ULY,NinuZᕦ(✧❦ ͜ʖ❦)ᕤ,4,0.0,0.0,0.0,0.0,0.0,0.0,0.0,2,Low-Participation Player
#29RRU90J2,GK｜⚜️Trouble⚜️,4,400.0,3.0,565.6854249492379,3.8297084310253524,0.5,0.0,62.5,2,Low-Participation Player
#29UCQ82J,Warbrook,6,1200.0,7.333333333333333,1172.6039399558574,7.201851613763413,0.6666666666666666,0.16666666666666666,108.50243506493507,0,Inconsistent Contributor
#2C0JYP0U2,Mr Anderson,7,2764.285714285714,16.0,167.61634196950519,0.0,1.0,1.0,172.76785714285714,1,Reliable High Performer
#2CCCVYGCU,mr.destructor3,7,2450.0,13.714285714285714,1106.797181058933,6.047431568147636,0.8571428571428571,0.8571428571428571,153.125,1,Reliable High Performer
#2CQQY9Q0,Martin,5,1470.0,9.4,1467.8215150351216,8.590692637965812,0.6,0.4,93.125,0,Inconsistent Contributor
#2CU89UY,R7,7,3114.285714285714,16.0,280.9422919899591,0.0,1.0,1.0,194.64285714285714,1,Reliable High Performer
#2G29YV08,DXs,5,2170.0,12.8,1276.028996535737,7.155417527999327,0.8,0.8,135.625,0,Inconsistent Contributor
#2G2RYGV,DB!⭐️TheⓂ️uck⭐️,4,2062.5,11.0,1386.4673334293407,7.571877794400365,0.75,0.5,142.44791666666666,0,Inconsistent Contributor
#2G8JYRCCC,NG I Tania,4,1350.0,11.0,914.6948489341495,7.571877794400366,0.75,0.5,94.79166666666666,0,Inconsistent Contributor
#2GCGCPRV,Pratts,5,1660.0,9.6,1548.1440501452053,8.763560920082657,0.6,0.6,103.75,0,Inconsistent Contributor
#2GRQQY899,Street spirit,5,1780.0,10.8,1200.3124593204889,6.572670690061994,0.8,0.4,129.125,0,Inconsistent Contributor
#2GYQUP02P,iiCronix,7,2678.5714285714284,14.857142857142858,535.3014282136926,1.9518001458970662,1.0,0.7142857142857143,179.7619047619048,1,Reliable High Performer
#2J88VV0CG,<~yeyo~>,3,0.0,0.0,0.0,0.0,0.0,0.0,0.0,2,Low-Participation Player
#2J8LLRVCL,The 11th Plague,4,600.0,4.0,1200.0,8.0,0.25,0.25,37.5,0,Inconsistent Contributor
#2J9P9LYG8,りくたん,7,1950.0,10.285714285714286,1467.7079636857825,7.609517849690734,0.7142857142857143,0.5714285714285714,135.26785714285714,0,Inconsistent Contributor
#2L8UYVGP9,Skr_Mihai,7,0.0,0.0,0.0,0.0,0.0,0.0,0.0,2,Low-Participation Player
#2LJCLL2GR,-MhC-⚡️Joker2⚡️,3,0.0,0.0,0.0,0.0,0.0,0.0,0.0,2,Low-Participation Player
#2LPQUJV8Q,寒冰法師❦tzu,6,2358.3333333333335,12.666666666666666,662.1304000472012,3.011090610836324,1.0,0.3333333333333333,185.06944444444446,1,Reliable High Performer
#2LRJ9JUGJ,Pac✨,9,194.44444444444446,1.3333333333333333,583.3333333333333,3.9999999999999996,0.1111111111111111,0.0,16.203703703703706,2,Low-Participation Player
#2LU2UGL29,Br4dley,7,2535.714285714286,14.857142857142858,401.78174601214954,1.9518001458970662,1.0,0.7142857142857143,171.13095238095238,1,Reliable High Performer
#2P0RCLVY2,MegaTom,7,2471.4285714285716,15.428571428571429,543.0294212848438,1.511857892036909,1.0,0.8571428571428571,159.82142857142858,1,Reliable High Performer
#2P2LLUC99,Abra,7,2328.5714285714284,14.571428571428571,429.00771443835254,1.9023794624226835,1.0,0.5714285714285714,159.4387755102041,1,Reliable High Performer
#2P8Y9G2CP,芝浦のもこみち,7,1800.0,9.714285714285714,1365.344889274013,7.250615737399725,0.7142857142857143,0.42857142857142855,131.54761904761907,0,Inconsistent Contributor
#2P9LU2YUU,Drew62,7,2500.0,13.714285714285714,513.9714648369759,2.138089935299395,1.0,0.42857142857142855,182.29166666666669,1,Reliable High Performer
#2PL0JJ22G,FF｜LamineYamal™,4,0.0,0.0,0.0,0.0,0.0,0.0,0.0,2,Low-Participation Player
#2PQPCUVUL,⭐️letipelissari,7,2507.1428571428573,16.0,198.805959477601,0.0,1.0,1.0,156.69642857142858,1,Reliable High Performer
#2PQRRV0C9,ĐǤ ΔИĐЄЯSØИ,7,2507.1428571428573,16.0,333.45235970146643,0.0,1.0,1.0,156.69642857142858,1,Reliable High Performer
#2QG90GRPQ,⚽David,4,2837.5,16.0,154.7847968417226,0.0,1.0,1.0,177.34375,1,Reliable High Performer
#2QYGVRQUG,Mighty Ninja Sr,4,325.0,2.0,375.27767497325675,2.309401076758503,0.5,0.0,81.25,2,Low-Participation Player
#2RC0Q0UQ,GK I Duke,8,1281.25,7.0,1155.7117473042933,6.324555320336759,0.75,0.25,138.28125,0,Inconsistent Contributor
#2RCY9902Y,ジュン,7,1700.0,10.285714285714286,1291.639784666504,7.609517849690734,0.7142857142857143,0.5714285714285714,119.19642857142857,0,Inconsistent Contributor
#2RJJP08U,Maciel❤️Mylla,3,0.0,0.0,0.0,0.0,0.0,0.0,0.0,2,Low-Participation Player
#2RJPRL89C,Riley,7,2164.285714285714,14.285714285714286,213.53041491843283,2.138089935299395,1.0,0.5714285714285714,153.57142857142858,1,Reliable High Performer
#2RLPV2QV9,TJ Trav,7,2750.0,13.714285714285714,697.0174555442161,3.1471831698777724,1.0,0.5714285714285714,199.25595238095235,1,Reliable High Performer
#2RPVU222P,ttv btw,7,2878.5714285714284,15.428571428571429,322.56413168177744,1.511857892036909,1.0,0.8571428571428571,187.94642857142858,1,Reliable High Performer
#2RQRV0JJJ,TreyIsTheWay,6,1125.0,6.0,1244.8895533339494,6.572670690061993,0.6666666666666666,0.16666666666666666,127.08333333333333,0,Inconsistent Contributor
#2UGV9J0J,BBB I Dominik⚡️,4,0.0,0.0,0.0,0.0,0.0,0.0,0.0,2,Low-Participation Player
#2UL2J2VLV,MačićMijau,4,1850.0,11.0,1294.2179105544785,7.571877794400365,0.75,0.5,125.78125,0,Inconsistent Contributor
#2UPYVVYCV,#1 ⚡Darrow⚡,10,0.0,0.0,0.0,0.0,0.0,0.0,0.0,2,Low-Participation Player
#2UVCJPPG,Alim,7,2614.285714285714,13.142857142857142,247.84787961282103,1.9518001458970664,1.0,0.2857142857142857,200.5952380952381,1,Reliable High Performer
#2UY0UQLQL,Rusvin 7,5,340.0,3.2,343.5112807463534,3.3466401061363023,0.6,0.0,65.0,2,Low-Participation Player
#2V00C0QJV,KENNEDYケネディ,7,2292.8571428571427,14.285714285714286,620.0998383517041,3.147183169877773,1.0,0.7142857142857143,159.07738095238096,1,Reliable High Performer
#2V82PRYV0,carnage,7,0.0,0.0,0.0,0.0,0.0,0.0,0.0,2,Low-Participation Player
#2VCGVUJUY,BRUNO.,4,1537.5,8.0,1775.4694214958101,9.237604307034012,0.5,0.5,96.09375,0,Inconsistent Contributor
#2VCVPUVV,vCxki,3,2383.3333333333335,14.666666666666666,728.5830998131465,2.309401076758503,1.0,0.6666666666666666,164.93055555555554,1,Reliable High Performer
#2VLV2V,smok3st4r,7,1735.7142857142858,10.571428571428571,1066.0340385881548,5.8268671644701975,0.8571428571428571,0.2857142857142857,138.7770562770563,0,Inconsistent Contributor
#2VQ0C9V0G,Narrag14│黒死牟,6,0.0,0.0,0.0,0.0,0.0,0.0,0.0,2,Low-Participation Player
#2VQUPCJJR,pedro royale,7,2771.4285714285716,16.0,234.266840122439,0.0,1.0,1.0,173.21428571428572,1,Reliable High Performer
#2VYLGPPUV,Nadir,7,2271.4285714285716,12.857142857142858,682.4326235712107,2.794552524023087,1.0,0.2857142857142857,174.468537414966,1,Reliable High Performer
#2Y0VGCCG0,<c9>ZANE5,4,1200.0,6.0,1385.6406460551018,6.928203230275509,0.5,0.0,100.0,0,Inconsistent Contributor
#2YRG9U98J,Theseus,7,2421.4285714285716,14.285714285714286,415.18785191880596,2.138089935299395,1.0,0.5714285714285714,169.49404761904762,1,Reliable High Performer
#2YU90RUQQ,Mole,7,2267.8571428571427,12.714285714285714,1106.299602062574,5.851332774513447,0.8571428571428571,0.5714285714285714,153.1364468864469,0,Inconsistent Contributor
#802JPV9YU,ビクティニ,3,2016.6666666666667,10.666666666666666,1748.0942003603047,9.237604307034013,0.6666666666666666,0.6666666666666666,126.04166666666667,0,Inconsistent Contributor
#808UUVJ,Ŧץɭк๏,5,2010.0,12.8,1209.5453691366852,7.155417527999327,0.8,0.8,125.625,0,Inconsistent Contributor
#80PJV02V0,ミスター老人,7,1557.142857142857,8.0,1420.2196342551422,6.855654600401044,0.7142857142857143,0.2857142857142857,134.45165945165945,0,Inconsistent Contributor
#8208VQ9UP,YT:Günni Gönner,6,425.0,2.6666666666666665,1041.0331406828507,6.531972647421808,0.16666666666666666,0.16666666666666666,26.5625,2,Low-Participation Player
#820QCVU8,Nøva,6,341.6666666666667,2.6666666666666665,836.9089954509192,6.531972647421808,0.16666666666666666,0.16666666666666666,21.354166666666668,2,Low-Participation Player
#82LJJUUJ,子供は要らないお腹に出す,4,1487.5,8.0,1718.7083328282706,9.237604307034012,0.5,0.5,92.96875,0,Inconsistent Contributor
#82LY8YR90,裏切りやん,6,1408.3333333333333,9.333333333333334,1276.0943016355282,7.8655366420014,0.6666666666666666,0.5,98.4375,0,Inconsistent Contributor
#82Q288Q0U,BBB I Dark,5,1060.0,5.6,1451.8953130305229,7.797435475847171,0.4,0.2,77.08333333333333,0,Inconsistent Contributor
#882C2UVRP,Ford Prefect,5,2330.0,15.2,716.4146843832837,1.7888543819998317,1.0,0.8,150.625,1,Reliable High Performer
#888GU882,キングConrad✨,6,1691.6666666666667,10.333333333333334,767.7347632266411,4.0824829046386295,1.0,0.16666666666666666,158.95833333333334,0,Inconsistent Contributor
#889P0CLGL,Aziu,4,2625.0,15.75,86.60254037844382,0.5000000000000001,1.0,0.75,166.875,1,Reliable High Performer
#88C0888PL,Gabi’s,4,725.0,5.0,1141.2712210513328,7.571877794400365,0.5,0.25,68.75,0,Inconsistent Contributor
#89CJJPVV,Reco,4,2600.0,16.0,285.7738033247041,0.0,1.0,1.0,162.5,1,Reliable High Performer
#89QYUU0,Ian,7,985.7142857142857,4.571428571428571,1685.6537519397546,7.807200583588266,0.2857142857142857,0.2857142857142857,61.607142857142854,0,Inconsistent Contributor
#89YVJCGQL,♤♧H9♧♤,7,2600.0,16.0,259.8076211353316,0.0,1.0,1.0,162.5,1,Reliable High Performer
#8CGJJC2J,アラート,6,1050.0,7.333333333333333,1139.7368117245314,7.339391437078872,0.6666666666666666,0.3333333333333333,92.70833333333333,0,Inconsistent Contributor
#8CRLPLQ2R,tad93 KP3,3,2366.6666666666665,16.0,553.022000767902,0.0,1.0,1.0,147.91666666666666,1,Reliable High Performer
#8G0QQGGCV,Blue in Malibu,3,2116.6666666666665,10.666666666666666,1837.3440976946408,9.237604307034013,0.6666666666666666,0.6666666666666666,132.29166666666666,0,Inconsistent Contributor
#8G2G0ULVL,OMAR VADO,7,2564.285714285714,15.428571428571429,363.6782984478243,1.511857892036909,1.0,0.8571428571428571,166.51785714285714,1,Reliable High Performer
#8GJJL9UPL,Philipp,9,388.8888888888889,1.7777777777777777,645.0667493454542,2.9059326290271157,0.3333333333333333,0.0,72.22222222222223,2,Low-Participation Player
#8GL0Y9YQQ,andrei,7,2957.1428571428573,14.857142857142858,346.9252698451684,1.9518001458970662,1.0,0.7142857142857143,199.70238095238096,1,Reliable High Performer
#8GLVRJ0GC,HENRIQUE,7,2500.0,16.0,175.59422921421233,0.0,1.0,1.0,156.25,1,Reliable High Performer
#8GQR00LY,RussAK,9,955.5555555555555,4.888888888888889,1363.9200041709844,6.5659052011974035,0.4444444444444444,0.1111111111111111,80.78703703703704,0,Inconsistent Contributor
#8J2CL8U90,BA I Hardteck,4,575.0,4.0,1150.0,8.0,0.25,0.25,35.9375,0,Inconsistent Contributor
#8JPCV2Y0J,Bigsmoke,6,491.6666666666667,2.6666666666666665,1204.3324568683959,6.531972647421808,0.16666666666666666,0.16666666666666666,30.729166666666668,0,Inconsistent Contributor
#8JYU9C8,5>TubeKingYT#2,4,1287.5,7.0,1338.1423691072634,6.831300510639732,0.75,0.25,136.71875,0,Inconsistent Contributor
#8LYJ8U92R,Navarro,7,2457.1428571428573,16.0,254.01537261317375,0.0,1.0,1.0,153.57142857142858,1,Reliable High Performer
#8P90V020,Whyte,3,2333.3333333333335,15.0,748.8880646220323,1.7320508075688772,1.0,0.6666666666666666,153.0448717948718,1,Reliable High Performer
#8P92Q2J0,FloydIsGod⚡️,4,0.0,0.0,0.0,0.0,0.0,0.0,0.0,2,Low-Participation Player
#8PCVV20,sabigol,7,2714.285714285714,16.0,264.1247901313028,0.0,1.0,1.0,169.64285714285714,1,Reliable High Performer
#8PJLLLGGG,Flow,5,960.0,5.6,1322.1195104830729,7.797435475847171,0.4,0.2,69.16666666666667,0,Inconsistent Contributor
#8PPP02LPP,I AM SOO COOL,9,1466.6666666666667,7.111111111111111,1288.1673027988252,6.253887679764573,0.6666666666666666,0.1111111111111111,138.42592592592595,0,Inconsistent Contributor
#8Q2P8YLCQ,BOMヴァー,7,1914.2857142857142,10.285714285714286,1478.3758784880245,7.609517849690734,0.7142857142857143,0.5714285714285714,131.25,0,Inconsistent Contributor
#8QC0G2GJU,AS!｜⚔️Heisen⭐,4,0.0,0.0,0.0,0.0,0.0,0.0,0.0,2,Low-Participation Player
#8QC2CGPQ2,Rai CR YouTube,6,283.3333333333333,1.6666666666666667,371.0345895825168,1.96638416050035,0.5,0.0,79.16666666666667,2,Low-Participation Player
#8QCGVP08J,Rafael Horta,4,1187.5,7.0,1372.5736167263792,8.246211251235321,0.5,0.25,86.19791666666666,0,Inconsistent Contributor
#8QJCJYLCV,⭐️AKECH⚔️WAPA⭐️,7,300.0,1.7142857142857142,793.7253933193772,4.535573676110727,0.14285714285714285,0.0,25.0,2,Low-Participation Player
#8QPPC00LP,るる,7,2114.285714285714,10.285714285714286,1602.5277651557985,7.609517849690734,0.7142857142857143,0.5714285714285714,145.53571428571428,0,Inconsistent Contributor
#8QQUGYP92,銀時,7,1307.142857142857,7.428571428571429,1281.4147687317363,7.457817885886436,0.5714285714285714,0.2857142857142857,102.52976190476191,0,Inconsistent Contributor
#8QR0CRVL0,hog rider,10,1045.0,5.6,814.9471693851626,4.2998707990925595,0.8,0.0,148.54166666666669,0,Inconsistent Contributor
#8QR889J2,Archon,5,2300.0,12.8,1454.3039572248988,7.155417527999327,0.8,0.8,143.75,0,Inconsistent Contributor
#8QV2PUGGL,Jules,5,1650.0,9.6,1521.512405470294,8.763560920082657,0.6,0.6,103.125,0,Inconsistent Contributor
#8R2CCRQR,Sidan23,4,2000.0,12.5,1200.6942436218585,7.0,1.0,0.75,146.875,0,Inconsistent Contributor
#8R2V2CCUY,lucas alves,7,1350.0,7.714285714285714,1433.2364308329127,7.84674636849112,0.5714285714285714,0.2857142857142857,97.31292517006803,0,Inconsistent Contributor
#8R8CYV8QP,Esdeath,3,2750.0,14.666666666666666,589.4913061275798,2.3094010767585034,1.0,0.6666666666666666,187.5,1,Reliable High Performer
#8R8RJLUR,G̾ᵒᵈᶻシ︎Տᵖʳᵘᵈᵉˡ,5,1830.0,12.8,1116.6915420114904,7.155417527999327,0.8,0.8,114.375,0,Inconsistent Contributor
#8RCCQYVPC,ばなな,7,2035.7142857142858,10.285714285714286,1543.4577755034004,7.609517849690734,0.7142857142857143,0.5714285714285714,140.17857142857142,0,Inconsistent Contributor
#8RJQ9CUVU,YUJI,6,958.3333333333334,6.666666666666667,1087.8495606777008,7.8655366420014,0.5,0.3333333333333333,75.0,0,Inconsistent Contributor
#8RJUQ98GC,BBB I KAIRU⚡️,6,975.0,5.333333333333333,1242.4773639789178,7.004760286167305,0.5,0.16666666666666666,96.18055555555556,0,Inconsistent Contributor
#8RQCGY8CQ,GK｜Logan,10,1960.0,9.6,1060.8696642116054,5.399588461684423,0.9,0.2,187.60416666666669,0,Inconsistent Contributor
#8U2CYP0,Honcro,3,1733.3333333333333,10.666666666666666,1582.1925715074424,9.237604307034013,0.6666666666666666,0.6666666666666666,108.33333333333333,0,Inconsistent Contributor
#8U8CV0VYJ,TJ,7,2000.0,10.285714285714286,1485.2048119142805,7.609517849690734,0.7142857142857143,0.5714285714285714,139.28571428571428,0,Inconsistent Contributor
#8U8YY0Q8,Colby,6,441.6666666666667,3.8333333333333335,688.779113117309,5.946988033169956,0.3333333333333333,0.0,38.320707070707066,2,Low-Participation Player
#8UR9GLUG,shriyawn,7,2464.285714285714,13.714285714285714,355.5679561329612,2.138089935299395,1.0,0.42857142857142855,180.05952380952382,1,Reliable High Performer
#8V2Q2GVGU,polski koks,7,1771.4285714285713,8.0,1688.8993316302046,7.659416862050705,0.5714285714285714,0.2857142857142857,126.78571428571429,0,Inconsistent Contributor
#8VL0CJ90Q,海老カツ,7,2114.285714285714,10.285714285714286,1629.5997171376898,7.609517849690734,0.7142857142857143,0.5714285714285714,144.19642857142858,0,Inconsistent Contributor
#8YGLJYV92,Akren,4,2387.5,15.0,713.413157527483,2.0,1.0,0.75,159.375,1,Reliable High Performer
#8YPGJLURQ,Trainer Diputsッ,5,20.0,0.2,44.721359549995796,0.4472135954999579,0.2,0.0,20.0,2,Low-Participation Player
#9002L2R9R,JSN✨,4,1612.5,9.0,1181.365735071066,6.831300510639732,0.75,0.25,136.19791666666666,0,Inconsistent Contributor
#908GP0JCL,MrGJC,7,2750.0,12.857142857142858,751.1102892829166,3.6253078686998634,1.0,0.42857142857142855,214.73214285714286,1,Reliable High Performer
#908UGQ8,useMKifgay,6,641.6666666666666,5.333333333333333,747.2728194352226,6.531972647421808,0.5,0.16666666666666666,62.5,0,Inconsistent Contributor
#90PYC2P2,▁ ▂ ▃ ▄ ▅ ▆ █ Ⓓ,7,1892.857142857143,9.714285714285714,1344.8756359569002,6.8729975438737965,0.7142857142857143,0.2857142857142857,139.28571428571428,0,Inconsistent Contributor
#90UPG8CL0,Edik,5,2240.0,12.8,1255.1892287619426,7.155417527999327,0.8,0.8,140.0,0,Inconsistent Contributor
#90V8G02VQ,Leandroir,7,2664.285714285714,16.0,251.18765514100824,0.0,1.0,1.0,166.51785714285714,1,Reliable High Performer
#92QLYY890,「ᴀʷ」ＯｄｒａｎｏｅｌＪＤ,5,2850.0,16.0,203.10096011589897,0.0,1.0,1.0,178.125,1,Reliable High Performer
#92UGJGJCV,Minato Kushina,7,2785.714285714286,16.0,276.457178290909,0.0,1.0,1.0,174.10714285714286,1,Reliable High Performer
#999QVQQJ8,K̶N̶G̶ ᴹᵀ,7,2735.714285714286,16.0,177.2810520855837,0.0,1.0,1.0,170.98214285714286,1,Reliable High Performer
#99UU8P0V,<c5>マーボー,7,1989.2857142857142,9.857142857142858,1505.397036696711,7.312741652498772,0.7142857142857143,0.42857142857142855,142.85714285714286,0,Inconsistent Contributor
#99V29PPLU,▁ ▂ ▃ ▄ ▅ ▆ █Ⓣ,7,1150.0,6.857142857142857,1455.1632210855248,8.55235974119758,0.42857142857142855,0.42857142857142855,71.875,0,Inconsistent Contributor
#99VQVVR8V,BBB I GamerGang,4,1400.0,8.0,1635.0331291240961,9.237604307034012,0.5,0.5,87.5,0,Inconsistent Contributor
#99VRG2G9,Paladino,4,3000.0,16.0,208.16659994661327,0.0,1.0,1.0,187.5,1,Reliable High Performer
#9C0VP880U,никола,3,1050.0,5.333333333333333,1818.6533479473212,9.237604307034013,0.3333333333333333,0.3333333333333333,65.625,0,Inconsistent Contributor
#9CQU2VQCY,Petunhina,6,0.0,0.0,0.0,0.0,0.0,0.0,0.0,2,Low-Participation Player
#9CRCLQU8,あBBB I ALEX07あ,5,1030.0,5.6,1435.0958156165043,7.797435475847171,0.4,0.2,73.54166666666667,0,Inconsistent Contributor
#9CYC08L2,mendigodosmares,4,1100.0,6.0,1280.6248474865697,6.928203230275509,0.5,0.0,91.66666666666666,0,Inconsistent Contributor
#9GLQUU0C,aattcc,5,2490.0,12.0,829.4576541331088,4.0,1.0,0.4,207.91666666666669,1,Reliable High Performer
#9JJ2QPU9P,ATA,4,1325.0,7.0,1594.5218719101974,8.246211251235321,0.5,0.25,93.75,0,Inconsistent Contributor
#9JLUV2YVR,ITALO HALF PIPE,6,2041.6666666666667,11.166666666666666,1312.0276927971706,7.2226495600068175,0.8333333333333334,0.5,154.375,0,Inconsistent Contributor
#9JRQVRRJG,BBB I Carlos,5,790.0,4.2,1122.7199116431489,5.848076606885378,0.4,0.0,74.44444444444444,0,Inconsistent Contributor
#9JRRL2R0J,BBB I cool,3,1716.6666666666667,8.0,1635.797460975329,6.928203230275509,1.0,0.3333333333333333,204.16666666666666,0,Inconsistent Contributor
#9LJLGQQG9,KM I ⏳Elrob⌛️,5,2320.0,13.6,1042.5929215182693,5.366563145999495,1.0,0.8,178.75,1,Reliable High Performer
#9LQJRVVVU,EMANUEL_UWU,3,0.0,0.0,0.0,0.0,0.0,0.0,0.0,2,Low-Participation Player
#9LUJUV0PY,DU,6,850.0,4.666666666666667,1036.8220676663861,5.887840577551898,0.5,0.0,95.83333333333333,0,Inconsistent Contributor
#9P00QC2G,ELENA,7,1864.2857142857142,10.285714285714286,1476.6838653196012,7.609517849690734,0.7142857142857143,0.5714285714285714,125.44642857142857,0,Inconsistent Contributor
#9PGGRC8J,Lenipofeni,7,1085.7142857142858,5.142857142857143,1451.9281105121006,6.817344825970773,0.42857142857142855,0.14285714285714285,90.17857142857143,0,Inconsistent Contributor
#9PGQV8PJV,Valjoux13,4,1487.5,8.0,1723.5501153143184,9.237604307034012,0.5,0.5,92.96875,0,Inconsistent Contributor
#9RG0VPUVY,batan,7,2257.1428571428573,11.142857142857142,1155.9370554621373,5.639993245521116,0.8571428571428571,0.2857142857142857,174.0221088435374,0,Inconsistent Contributor
#9RL20UL0G,まさっち,7,2164.285714285714,10.857142857142858,1526.6287165172932,7.559289460184544,0.7142857142857143,0.5714285714285714,142.5595238095238,0,Inconsistent Contributor
#9RQ8YRYQL,老板 Ι Batan’宙斯,7,1814.2857142857142,8.571428571428571,1332.2019009001244,6.294366339755546,0.7142857142857143,0.14285714285714285,151.78571428571428,0,Inconsistent Contributor
#9RQJ0GGY,TP14,7,2921.4285714285716,16.0,429.00771443835254,0.0,1.0,1.0,182.58928571428572,1,Reliable High Performer
#9RU0GR8J,LionGalaxy,6,1841.6666666666667,9.333333333333334,1235.4823619407389,6.022181221672648,0.8333333333333334,0.16666666666666666,160.76388888888889,0,Inconsistent Contributor
#9RV08RCYG,darthSkywalker,6,2341.6666666666665,13.333333333333334,1197.6713516932207,6.531972647421808,0.8333333333333334,0.8333333333333334,146.35416666666666,0,Inconsistent Contributor
#9RY8GQJQU,『PHX』Marcel✨Nay,3,1716.6666666666667,9.333333333333334,1435.5602855099235,6.110100926607787,1.0,0.3333333333333333,166.66666666666666,0,Inconsistent Contributor
#9RYJ02UVJ,cpd,3,0.0,0.0,0.0,0.0,0.0,0.0,0.0,2,Low-Participation Player
#9U88RVPY,Digitalis Purp,3,1666.6666666666667,8.0,1604.1612554021287,8.0,0.6666666666666666,0.3333333333333333,141.66666666666666,0,Inconsistent Contributor
#9U8CV8L88,Jack,3,183.33333333333334,1.3333333333333333,317.54264805429415,2.3094010767585034,0.3333333333333333,0.0,45.833333333333336,2,Low-Participation Player
#9UJYJG9V,pa_rmourao,7,2792.8571428571427,16.0,185.80583823930166,0.0,1.0,1.0,174.55357142857142,1,Reliable High Performer
#9UQVL92CU,Bob Lee Swagger,3,916.6666666666666,5.333333333333333,1587.7132402714708,9.237604307034013,0.3333333333333333,0.3333333333333333,57.291666666666664,0,Inconsistent Contributor
#9UVUJRYGG,BBB I Non-Stop,5,320.0,1.6,438.1780460041329,2.1908902300206647,0.4,0.0,80.0,2,Low-Participation Player
#9UY8L0UJG,hog❤️,5,730.0,4.0,713.7926869897169,4.0,0.6,0.0,111.25,0,Inconsistent Contributor
#9V8JCVLVC,enjoy,7,1935.7142857142858,9.714285714285714,1505.18943594992,7.250615737399725,0.7142857142857143,0.42857142857142855,140.0297619047619,0,Inconsistent Contributor
#9VULYUJU,Patbuun,5,2560.0,16.0,726.636084983398,0.0,1.0,1.0,160.0,1,Reliable High Performer
#9YJQJGL20,Zombie killer,4,450.0,3.0,900.0,6.0,0.25,0.0,37.5,2,Low-Participation Player
#9YUCJV00,MuK｜⚡Leo⚡,7,2007.142857142857,10.857142857142858,1160.6135487421338,6.414269805898185,0.8571428571428571,0.42857142857142855,160.56547619047618,0,Inconsistent Contributor
#9YV0Q8VRR,AserDerZweite,5,2160.0,12.8,1252.6970902816051,7.155417527999327,0.8,0.8,135.0,0,Inconsistent Contributor
#C8922QYR9,<c2>Bruce Wayne,6,0.0,0.0,0.0,0.0,0.0,0.0,0.0,2,Low-Participation Player
#CC2RJVPQR,Clasher,4,1112.5,7.0,1341.8736900319643,8.24621125123532,0.5,0.25,78.64583333333334,0,Inconsistent Contributor
#CC8U0CCL2,ᴊᴏʜɴ ʀᴀᴍɪʀᴇᴢ,6,0.0,0.0,0.0,0.0,0.0,0.0,0.0,2,Low-Participation Player
#CC9J9880G,Asss❤️NoSkill,3,416.6666666666667,2.6666666666666665,721.6878364870322,4.618802153517007,0.3333333333333333,0.0,52.083333333333336,2,Low-Participation Player
#CG9CJJLQ,Lacheño,4,0.0,0.0,0.0,0.0,0.0,0.0,0.0,2,Low-Participation Player
#CG9L2Y0J,BRO86,3,0.0,0.0,0.0,0.0,0.0,0.0,0.0,2,Low-Participation Player
#CGCVP2G9,MrNobody,4,2400.0,12.0,1614.001239156897,8.0,0.75,0.75,150.0,0,Inconsistent Contributor
#CJCYJVCJG,TheAlim,4,1537.5,8.0,1778.2833482509661,9.237604307034012,0.5,0.5,96.09375,0,Inconsistent Contributor
#CJL89QPG,ToxicRyan_,4,0.0,0.0,0.0,0.0,0.0,0.0,0.0,2,Low-Participation Player
#CJPL2J82U,Riapyi,7,342.85714285714283,2.2857142857142856,711.4706432386906,4.535573676110727,0.2857142857142857,0.0,40.47619047619048,2,Low-Participation Player
#CJUR8GJCP,KIN隈,11,822.7272727272727,4.7272727272727275,1249.6726844185314,6.886086103018304,0.36363636363636365,0.18181818181818182,61.553030303030305,0,Inconsistent Contributor
#CJVCQ9UQJ,Cadabra,5,750.0,4.0,940.744386111339,4.898979485566356,0.6,0.0,110.83333333333333,0,Inconsistent Contributor
#CJVL8CG8,GK03™,3,1200.0,5.333333333333333,2078.460969082653,9.237604307034013,0.3333333333333333,0.3333333333333333,75.0,0,Inconsistent Contributor
#CP08R9PC9,Wolbecker1,5,2350.0,15.2,572.2761571129798,1.7888543819998317,1.0,0.8,155.625,1,Reliable High Performer
#CPY0UYL,CECILI ON,7,2821.4285714285716,16.0,262.7691364061218,0.0,1.0,1.0,176.33928571428572,1,Reliable High Performer
#CQ0CCU88Y,ᴼˢᵖᵒⁱˡᵉʳ,4,0.0,0.0,0.0,0.0,0.0,0.0,0.0,2,Low-Participation Player
#CQ2GQLPCC,Nidia,7,2592.8571428571427,15.428571428571429,357.57117173668075,1.5118578920369092,1.0,0.8571428571428571,168.1547619047619,1,Reliable High Performer
#CQCU8JCC0,MRC⚡2>King⚡,4,2125.0,11.0,1517.3990905493517,7.571877794400365,0.75,0.5,143.75,0,Inconsistent Contributor
#CR0JUCC2,Don-Mehdi,10,1100.0,6.4,1361.7798810543666,7.58946638440411,0.5,0.3,80.72916666666666,0,Inconsistent Contributor
#CRUPGCJ,Random,4,3025.0,16.0,206.1552812808831,0.0,1.0,1.0,189.0625,1,Reliable High Performer
#CRYRL8CPQ,⚡️nachoㅗㅓㅗ⚡️,6,0.0,0.0,0.0,0.0,0.0,0.0,0.0,2,Low-Participation Player
#CU0L2RG8P,Cuttsy Jr,7,1775.0,10.714285714285714,352.6683994916471,1.8898223650461359,1.0,0.0,168.39826839826839,1,Reliable High Performer
#CUCJG02PR,Fespinad,3,3300.0,16.0,100.0,0.0,1.0,1.0,206.25,1,Reliable High Performer
#CUJ0YVLL9,FF｜Soxee™,7,2657.1428571428573,14.285714285714286,515.1282780600798,2.138089935299395,1.0,0.5714285714285714,186.45833333333334,1,Reliable High Performer
#CUL90UJC8,ねるねるくん,7,2085.714285714286,10.857142857142858,1503.5275980490808,7.559289460184544,0.7142857142857143,0.5714285714285714,136.45833333333334,0,Inconsistent Contributor
#CUUUU0U8,<c3>puffy,7,2642.8571428571427,15.285714285714286,319.4116615338418,1.4960264830861913,1.0,0.7142857142857143,174.04761904761907,1,Reliable High Performer
#CUV800RPV,Snowonthebeach,6,0.0,0.0,0.0,0.0,0.0,0.0,0.0,2,Low-Participation Player
#CV28P8Y0Q,HUDSON-ODOI,7,2771.4285714285716,14.0,656.2882641905809,2.5819888974716116,1.0,0.5714285714285714,196.48809523809524,1,Reliable High Performer
#CV9C02C22,KING,5,0.0,0.0,0.0,0.0,0.0,0.0,0.0,2,Low-Participation Player
#CYQV9828Q,Dein Vater,4,1012.5,7.0,1169.3124760587593,8.246211251235321,0.5,0.25,73.95833333333334,0,Inconsistent Contributor
#G0QLJU8,BBB I Perti 1,7,614.2857142857143,2.857142857142857,811.2306935115548,3.8047589248453675,0.42857142857142855,0.0,92.85714285714286,2,Low-Participation Player
#G0QQUGY,syen,3,1783.3333333333333,10.666666666666666,1241.3030787576954,6.110100926607787,1.0,0.3333333333333333,151.38888888888889,0,Inconsistent Contributor
#G0YVG9J9R,Pindakaas,7,1528.5714285714287,8.571428571428571,1259.2514783450865,6.214422549122936,0.7142857142857143,0.14285714285714285,125.5952380952381,0,Inconsistent Contributor
#G22R88G,_KnockouT_,5,2370.0,14.4,831.1137106317041,3.5777087639996634,1.0,0.8,159.375,1,Reliable High Performer
#G2800GUPL,FF｜Coringa™,7,0.0,0.0,0.0,0.0,0.0,0.0,0.0,2,Low-Participation Player
#G2Y9RUUL,enzu,7,2528.5714285714284,15.428571428571429,371.7718194192316,1.511857892036909,1.0,0.8571428571428571,165.4761904761905,1,Reliable High Performer
#G88UPVRCU,もとしん,7,1221.4285714285713,8.0,1290.3026592164151,8.0,0.5714285714285714,0.42857142857142855,85.26785714285714,0,Inconsistent Contributor
#G8YJP2G2J,Luizão,4,1275.0,8.0,1486.3265679744363,9.237604307034012,0.5,0.5,79.6875,0,Inconsistent Contributor
#G9L2GLYUQ,☠️P.E.K.K.A☠️CR,7,2078.5714285714284,11.142857142857142,1200.6446681044392,6.094494002200441,0.8571428571428571,0.42857142857142855,156.99404761904765,0,Inconsistent Contributor
#GGRPYC28,Joël,3,1733.3333333333333,9.333333333333334,1501.110699893027,8.32666399786453,0.6666666666666666,0.3333333333333333,126.38888888888887,0,Inconsistent Contributor
#GJJP29C9,Tim,5,1650.0,9.4,1329.0033860002013,7.368853370776216,0.8,0.2,136.3653846153846,0,Inconsistent Contributor
#GJRG2QCQ0,matt,4,0.0,0.0,0.0,0.0,0.0,0.0,0.0,2,Low-Participation Player
#GP2R0J28,Paco,7,2557.1428571428573,14.857142857142858,500.35701539714904,1.9518001458970662,1.0,0.7142857142857143,171.42857142857142,1,Reliable High Performer
#GP9GQPCUY,たかゆき,7,1885.7142857142858,10.857142857142858,1383.7492203292852,7.559289460184544,0.7142857142857143,0.5714285714285714,122.91666666666666,0,Inconsistent Contributor
#GPVY989GQ,ポケたくん,7,1250.0,7.857142857142857,1077.0329614269008,6.011892975000232,0.7142857142857143,0.14285714285714285,109.34794372294371,0,Inconsistent Contributor
#GQYVYQ82,AM♣️Joma,7,2528.5714285714284,13.714285714285714,395.6609900503448,2.138089935299395,1.0,0.42857142857142855,185.86309523809524,1,Reliable High Performer
#GUCQJ8U,bG,3,3066.6666666666665,16.0,152.75252316519467,0.0,1.0,1.0,191.66666666666666,1,Reliable High Performer
#GUQ0CJYC,DOCCC,4,0.0,0.0,0.0,0.0,0.0,0.0,0.0,2,Low-Participation Player
#GUVVPU828,Ryza,3,1933.3333333333333,10.666666666666666,1710.506747526397,9.237604307034013,0.6666666666666666,0.6666666666666666,120.83333333333333,0,Inconsistent Contributor
#GV2JLJJLY,Logan303,4,0.0,0.0,0.0,0.0,0.0,0.0,0.0,2,Low-Participation Player
#GVC0URYV8,主人｜Lou✨,7,1250.0,9.0,1175.0886491381548,8.426149773176359,0.5714285714285714,0.42857142857142855,79.43452380952381,0,Inconsistent Contributor
#GVC9QGG,OuTlaW,6,266.6666666666667,1.3333333333333333,413.11822359545783,2.0655911179772892,0.3333333333333333,0.0,66.66666666666667,2,Low-Participation Player
#GYGC0LL20,DarK NinuZ,3,2100.0,10.666666666666666,1835.7559750685818,9.237604307034013,0.6666666666666666,0.6666666666666666,131.25,0,Inconsistent Contributor
#GYLP2Q80U,Tob:),3,0.0,0.0,0.0,0.0,0.0,0.0,0.0,2,Low-Participation Player
#J0YGL00QJ,BBB I Jannes,7,371.42857142857144,1.7142857142857142,675.0661343263234,3.147183169877773,0.2857142857142857,0.0,62.5,2,Low-Participation Player
#J8YC8R8G,F-35Lightning Ⅱ,7,1842.857142857143,10.285714285714286,1418.751966644326,7.609517849690734,0.7142857142857143,0.5714285714285714,125.89285714285714,0,Inconsistent Contributor
#J98LL9CU,Deadication,7,2714.285714285714,13.714285714285714,543.6867095076336,2.138089935299395,1.0,0.42857142857142855,197.32142857142858,1,Reliable High Performer
#J99VYUGQG,R✨BridgeSpam™️✨,7,1021.4285714285714,5.714285714285714,1393.992211496996,7.250615737399725,0.42857142857142855,0.14285714285714285,75.29761904761905,0,Inconsistent Contributor
#JGRVURG9P,<c3>Chris,3,0.0,0.0,0.0,0.0,0.0,0.0,0.0,2,Low-Participation Player
#JLR8PC2PY,BBB｜Jargul⚡™️,5,1180.0,5.6,1661.9265928433783,7.797435475847171,0.4,0.2,83.75,0,Inconsistent Contributor
#JP88PVYJ,Gui,7,2614.285714285714,15.857142857142858,348.46602621858483,0.3779644730092273,1.0,0.8571428571428571,164.9702380952381,1,Reliable High Performer
#JPGJP8PJ2,CMG MK,4,2900.0,15.0,355.90260840104366,2.0,1.0,0.75,193.75,1,Reliable High Performer
#JPGLC99VU,BigRys,7,2635.714285714286,13.714285714285714,509.66842629488514,2.138089935299395,1.0,0.42857142857142855,192.1130952380952,1,Reliable High Performer
#JPLUVG809,とかげ,6,0.0,0.0,0.0,0.0,0.0,0.0,0.0,2,Low-Participation Player
#JR2RUJ0C,Connor,3,0.0,0.0,0.0,0.0,0.0,0.0,0.0,2,Low-Participation Player
#JRJCP2UYV,<c5>Ich<c3>bins,3,0.0,0.0,0.0,0.0,0.0,0.0,0.0,2,Low-Participation Player
#JRQP2VQCC,Clairvoyance,6,1333.3333333333333,8.0,1464.8094301535155,8.763560920082657,0.5,0.5,83.33333333333333,0,Inconsistent Contributor
#L0YGGLCJU,Buff Xbow,3,616.6666666666666,5.0,1068.0979980008078,8.660254037844387,0.3333333333333333,0.0,41.11111111111111,0,Inconsistent Contributor
#L2C0U0LG0,MKZ,5,0.0,0.0,0.0,0.0,0.0,0.0,0.0,2,Low-Participation Player
#L2JYV9CLL,Λ Ƶ Ɍ Λ Ξ L,4,2137.5,11.0,1510.7255431304081,7.571877794400365,0.75,0.5,144.79166666666666,0,Inconsistent Contributor
#L2UQURQ0,Ikasa,5,2950.0,14.4,499.99999999999994,2.1908902300206643,1.0,0.6,204.58333333333331,1,Reliable High Performer
#L2UYCLLVG,ℂℒᎾỰⅅあℳᎯℛᏉ,4,0.0,0.0,0.0,0.0,0.0,0.0,0.0,2,Low-Participation Player
#L8JV2YRCL,yana,6,1550.0,8.666666666666666,1440.8330923462302,8.164965809277259,0.6666666666666666,0.5,121.875,0,Inconsistent Contributor
#L9RLLLU8P,たっくーま,7,1703.5714285714287,8.428571428571429,1407.7485401807214,6.924765768773767,0.7142857142857143,0.14285714285714285,144.4047619047619,0,Inconsistent Contributor
#LC0RUGP90,@Wel_Clash,7,2650.0,15.857142857142858,302.7650354097491,0.377964473009227,1.0,0.8571428571428571,166.93452380952382,1,Reliable High Performer
#LCRQ0RGRJ,Supercell,5,0.0,0.0,0.0,0.0,0.0,0.0,0.0,2,Low-Participation Player
#LGLYPYRG0,FORTUNA,7,1764.2857142857142,10.285714285714286,1322.1555271961156,7.609517849690734,0.7142857142857143,0.5714285714285714,122.32142857142857,0,Inconsistent Contributor
#LGVUVJJVY,qadlo,6,0.0,0.0,0.0,0.0,0.0,0.0,0.0,2,Low-Participation Player
#LJYVCULJV,mentalpatient17,6,741.6666666666666,4.166666666666667,1149.9637675451634,6.462713568360172,0.3333333333333333,0.0,59.508547008547,0,Inconsistent Contributor
#LPGPGR88,P!N$3£,5,1420.0,9.6,1312.7261709892127,8.763560920082659,0.6,0.6,88.75,0,Inconsistent Contributor
#LQ929P2,⚡️loss⚡️,3,0.0,0.0,0.0,0.0,0.0,0.0,0.0,2,Low-Participation Player
#LQL9U92U,Tomer,5,1060.0,7.2,1279.355306394592,8.19756061276768,0.6,0.4,81.25,0,Inconsistent Contributor
#LQPR8QPRY,C*Pret067,7,2628.5714285714284,16.0,179.94708216848747,0.0,1.0,1.0,164.28571428571428,1,Reliable High Performer
#LQQC2VQLJ,Kescha53,5,2270.0,13.6,532.2123636294068,2.1908902300206647,1.0,0.4,166.45833333333334,1,Reliable High Performer
#LUCJ0LP8L,かたやきそば@同デッキ対決,5,90.0,0.8,201.24611797498108,1.788854381999832,0.2,0.0,22.5,2,Low-Participation Player
#LUJ8R9GQ,Ordinary Agent,6,433.3333333333333,2.6666666666666665,1061.4455552060438,6.531972647421808,0.16666666666666666,0.16666666666666666,27.083333333333332,2,Low-Participation Player
#P0CG28CJ,<c5>Will,3,1416.6666666666667,8.0,1118.4066046538412,6.928203230275509,1.0,0.3333333333333333,185.41666666666666,0,Inconsistent Contributor
#P0YUQVQ9R,rubrub12,5,1310.0,9.4,1198.1235328629514,8.590692637965812,0.6,0.4,83.66666666666667,0,Inconsistent Contributor
#P2R298QRJ,General,6,1375.0,8.0,1520.4440140958825,8.763560920082657,0.5,0.5,85.9375,0,Inconsistent Contributor
#P2YYCRUJU,Aksel❤️bait©️®️,4,712.5,4.0,1425.0,8.0,0.25,0.25,44.53125,0,Inconsistent Contributor
#P8JUY99V,The Jonkler,7,2728.5714285714284,14.285714285714286,598.510054814692,2.138089935299395,1.0,0.5714285714285714,190.77380952380955,1,Reliable High Performer
#P8RRQ2CR0,アラジン,7,1828.5714285714287,9.285714285714286,1433.7762327902794,6.897204402613321,0.7142857142857143,0.2857142857142857,137.61446886446885,0,Inconsistent Contributor
#P92L0U0QQ,legi#apfel,5,1790.0,10.4,1095.673308974897,6.6932802122726045,0.8,0.4,142.91666666666669,0,Inconsistent Contributor
#P9YJLJQ8,Leon,5,1050.0,6.8,1170.4699910719626,7.694153624668538,0.6,0.2,95.44642857142858,0,Inconsistent Contributor
#PCCJL82JQ,KM | Ch!ll3r,5,1510.0,9.6,1053.8026380684382,7.26636084983398,0.8,0.4,133.95833333333331,0,Inconsistent Contributor
#PCCVUGQCL,Iedgood,4,0.0,0.0,0.0,0.0,0.0,0.0,0.0,2,Low-Participation Player
#PCJYGUYU,♠️Cam♦️,3,550.0,3.0,952.6279441628825,5.196152422706632,0.3333333333333333,0.0,61.11111111111112,2,Low-Participation Player
#PG8G88YPG,Oogie ❤️ Kolby,3,0.0,0.0,0.0,0.0,0.0,0.0,0.0,2,Low-Participation Player
#PGC2U9G0,ĤưĞơƁøṣ̌§™️✨️雨果,6,0.0,0.0,0.0,0.0,0.0,0.0,0.0,2,Low-Participation Player
#PGPCJCY2,LandShark,7,2307.1428571428573,12.285714285714286,659.8159916652088,3.3523268393901033,1.0,0.2857142857142857,187.62755102040816,1,Reliable High Performer
#PGYLC8GQP,Zeski,7,2700.0,15.285714285714286,385.1406669430448,1.4960264830861913,1.0,0.7142857142857143,176.16071428571428,1,Reliable High Performer
#PJ0Y2QL0C,BBB I Zz._.zZ,5,560.0,3.2,364.6916505762094,1.7888543819998317,0.8,0.0,140.0,2,Low-Participation Player
#PJL8RYPVY,FNO Davis,6,2591.6666666666665,14.666666666666666,362.51436753136653,2.065591117977289,1.0,0.6666666666666666,177.60416666666666,1,Reliable High Performer
#PL222J22P,MrGJC✨,7,1728.5714285714287,8.142857142857142,1463.687450373526,6.644009116704848,0.8571428571428571,0.2857142857142857,177.8846153846154,0,Inconsistent Contributor
#PL92GJPV8,Luffy #BR,4,0.0,0.0,0.0,0.0,0.0,0.0,0.0,2,Low-Participation Player
#PL9J8G9QV,BBB I NCLS,4,2250.0,13.0,881.2869377601523,1.9999999999999998,1.0,0.25,170.3125,1,Reliable High Performer
#PLP2RYYP8,Glitch,6,1433.3333333333333,7.333333333333333,1280.494696071275,5.8878405775518985,0.8333333333333334,0.16666666666666666,156.59722222222223,0,Inconsistent Contributor
#PLPYQ092R,オルゴ・デミーラ,7,2207.1428571428573,10.857142857142858,1564.2965861766143,7.559289460184544,0.7142857142857143,0.5714285714285714,144.49404761904762,0,Inconsistent Contributor
#PLV0Q2LV,anshu0603,7,1957.142857142857,10.285714285714286,1467.5457322313591,7.250615737399725,0.7142857142857143,0.42857142857142855,134.22619047619048,0,Inconsistent Contributor
#PP9CUCVL,lego,7,2650.0,14.857142857142858,531.5072906367325,1.9518001458970662,1.0,0.7142857142857143,178.125,1,Reliable High Performer
#PQ8CCVU98,Nima,6,850.0,7.166666666666667,987.420882906575,8.0601902376226,0.5,0.3333333333333333,58.333333333333336,0,Inconsistent Contributor
#PQ8Q2PYY,Catsh*t,7,2657.1428571428573,14.857142857142858,399.4043183589901,1.9518001458970662,1.0,0.7142857142857143,179.01785714285714,1,Reliable High Performer
#PQ9JQLGV,Jiban,3,300.0,1.3333333333333333,519.6152422706632,2.3094010767585034,0.3333333333333333,0.0,75.0,2,Low-Participation Player
#PQC28RU8Q,Connor,7,2671.4285714285716,14.857142857142858,288.46886437583817,1.9518001458970662,1.0,0.7142857142857143,180.50595238095235,1,Reliable High Performer
#PQJ8U82LG,TOAST,7,2964.285714285714,16.0,319.7841533939803,0.0,1.0,1.0,185.26785714285714,1,Reliable High Performer
#PQLRGRRY2,عمك,3,0.0,0.0,0.0,0.0,0.0,0.0,0.0,2,Low-Participation Player
#PRPJVQV0G,♧☆》Hercules《☆♧,5,1450.0,8.0,1007.4720839804942,5.656854249492381,0.8,0.0,147.5,0,Inconsistent Contributor
#PRVJ2GPVL,CloudあMarv,4,1437.5,8.0,1680.9595474014238,9.237604307034012,0.5,0.5,89.84375,0,Inconsistent Contributor
#PVJ80LQU,ProB,7,2392.8571428571427,13.714285714285714,527.9114283575192,2.138089935299395,1.0,0.42857142857142855,173.8095238095238,1,Reliable High Performer
#PY9VVC9RQ,NICNOCISMAEL,7,2507.1428571428573,14.857142857142858,385.6040406822472,1.9518001458970662,1.0,0.7142857142857143,169.19642857142858,1,Reliable High Performer
#PYLYVY0LU,RUSSO,6,641.6666666666666,4.0,1058.4973626167741,6.6932802122726045,0.3333333333333333,0.16666666666666666,54.166666666666664,0,Inconsistent Contributor
#PYPP2GVPR,nano,4,887.5,6.0,1034.710104328744,6.928203230275509,0.5,0.0,73.95833333333334,0,Inconsistent Contributor
#Q0GVLRRU,Cobrito❤️Moni,7,2692.8571428571427,13.714285714285714,330.9438162646486,2.138089935299395,1.0,0.42857142857142855,197.32142857142858,1,Reliable High Performer
#Q0UQJ98Y,xM4rcxShadowx,5,2580.0,16.0,482.95962564173004,0.0,1.0,1.0,161.25,1,Reliable High Performer
#Q0Y9VUQG9,Jenner8,7,2400.0,15.428571428571429,419.32485418030416,1.5118578920369092,1.0,0.8571428571428571,156.25,1,Reliable High Performer
#Q9JURC8RG,reaperwarrior,9,2050.0,10.222222222222221,1066.8294146675933,5.333333333333333,0.8888888888888888,0.2222222222222222,179.39814814814815,0,Inconsistent Contributor
#QGPLPJVJ2,IKasva38,6,566.6666666666666,2.6666666666666665,1388.0441875771344,6.531972647421808,0.16666666666666666,0.16666666666666666,35.416666666666664,0,Inconsistent Contributor
#QJ9C800UU,Lourd Game,7,2750.0,16.0,147.19601443879748,0.0,1.0,1.0,171.875,1,Reliable High Performer
#QJCJQ9Y8V,nikyu,5,0.0,0.0,0.0,0.0,0.0,0.0,0.0,2,Low-Participation Player
#QJP88JCJ0,Bryan,7,2700.0,14.285714285714286,429.14643965279106,2.138089935299395,1.0,0.5714285714285714,189.58333333333334,1,Reliable High Performer
#QJPGQPU,Storm,7,2771.4285714285716,16.0,569.9832913173441,0.0,1.0,1.0,173.21428571428572,1,Reliable High Performer
#QJPQJC990,JOERINTON,6,800.0,4.833333333333333,1287.245120402482,7.547626558506103,0.3333333333333333,0.16666666666666666,54.44711538461539,0,Inconsistent Contributor
#QJQG0GYUL,<c9> Hundy,7,2042.857142857143,10.857142857142858,1461.5712354142977,7.559289460184544,0.7142857142857143,0.5714285714285714,133.48214285714286,0,Inconsistent Contributor
#QJUQQ2GR,Dspliffy,4,1500.0,8.0,1739.7317800933185,9.237604307034012,0.5,0.5,93.75,0,Inconsistent Contributor
#QL9RY8UR8,Ryan Eq,5,0.0,0.0,0.0,0.0,0.0,0.0,0.0,2,Low-Participation Player
#QP80Y20C8,aiko,7,1535.7142857142858,8.0,1572.8727130408777,8.0,0.5714285714285714,0.42857142857142855,108.48214285714286,0,Inconsistent Contributor
#QQ02QQRQU,︻デ═━Zkini━,4,0.0,0.0,0.0,0.0,0.0,0.0,0.0,2,Low-Participation Player
#QR09J88L9,ÖzilBaby,7,842.8571428571429,5.142857142857143,1313.845682030609,7.559289460184544,0.42857142857142855,0.2857142857142857,63.392857142857146,0,Inconsistent Contributor
#QRG9PGP2,ANGELS ROYALE,7,2678.5714285714284,16.0,254.71739709127127,0.0,1.0,1.0,167.41071428571428,1,Reliable High Performer
#QV9YQ2JL,Boozer✨️,7,2278.5714285714284,10.857142857142858,1064.5253804932438,5.01426536422407,0.8571428571428571,0.14285714285714285,179.7619047619048,0,Inconsistent Contributor
#QV9YY2Q88,Hukashura,7,2735.714285714286,16.0,338.76526498728396,0.0,1.0,1.0,170.98214285714286,1,Reliable High Performer
#QYYRGJ0Q,ömer!,4,2237.5,11.0,1547.7806692164104,7.571877794400365,0.75,0.5,152.34375,0,Inconsistent Contributor
#R0LL0LV0G,破壊神コッシー,7,1671.4285714285713,9.142857142857142,1319.677088930326,7.1978832867395,0.7142857142857143,0.42857142857142855,130.80357142857142,0,Inconsistent Contributor
#R2G8JRJ8Q,не шагу вперед,6,0.0,0.0,0.0,0.0,0.0,0.0,0.0,2,Low-Participation Player
#R8JUGR2GP,りりと,6,1508.3333333333333,9.333333333333334,1306.6815475343128,7.8655366420014,0.6666666666666666,0.5,106.77083333333333,0,Inconsistent Contributor
#R900QRJ0J,もも,7,1828.5714285714287,10.0,1518.7322407348897,7.211102550927978,0.7142857142857143,0.42857142857142855,125.95238095238095,0,Inconsistent Contributor
#R9GJVPJGR,GK I Warpipi,4,1700.0,8.0,1969.771560359221,9.237604307034012,0.5,0.5,106.25,0,Inconsistent Contributor
#RC2C8L2R8,Niclas,4,2637.5,16.0,729.5832143536929,0.0,1.0,1.0,164.84375,1,Reliable High Performer
#RCVU8LPL2,vijay,5,0.0,0.0,0.0,0.0,0.0,0.0,0.0,2,Low-Participation Player
#RGGYUGG8R,弱者,7,1742.857142857143,9.714285714285714,1337.7308434523777,7.250615737399725,0.7142857142857143,0.42857142857142855,127.97619047619048,0,Inconsistent Contributor
#RGJ2QC98J,<c9>TITO,4,0.0,0.0,0.0,0.0,0.0,0.0,0.0,2,Low-Participation Player
#RGPUQVQGJ,hans❤️bait,5,1930.0,9.6,1766.210632965389,8.763560920082657,0.6,0.6,120.625,0,Inconsistent Contributor
#RGUP8P2VG,PPAPくん,7,1807.142857142857,10.285714285714286,1439.1631166030056,7.609517849690734,0.7142857142857143,0.5714285714285714,122.32142857142857,0,Inconsistent Contributor
#RJJP8VL08,memo,4,0.0,0.0,0.0,0.0,0.0,0.0,0.0,2,Low-Participation Player
#RJU0J9VLR,tyhn,5,0.0,0.0,0.0,0.0,0.0,0.0,0.0,2,Low-Participation Player
#RJYP2V9J8,KnightRub¥,3,0.0,0.0,0.0,0.0,0.0,0.0,0.0,2,Low-Participation Player
#RL0QU2P2,⚡️ILM丨OLIVEIRA”,4,0.0,0.0,0.0,0.0,0.0,0.0,0.0,2,Low-Participation Player
#RP0CGY,drum 9,3,2700.0,16.0,217.94494717703367,0.0,1.0,1.0,168.75,1,Reliable High Performer
#RP8P82GPP,勇者翔のちん,7,1764.2857142857142,10.285714285714286,1341.2414292097346,7.250615737399725,0.7142857142857143,0.42857142857142855,121.875,0,Inconsistent Contributor
#RQ99C0U,8r3n,3,916.6666666666666,5.333333333333333,1587.7132402714708,9.237604307034013,0.3333333333333333,0.3333333333333333,57.291666666666664,0,Inconsistent Contributor
#RUJ9808Y,Hobertin,7,2600.0,16.0,270.801280154532,0.0,1.0,1.0,162.5,1,Reliable High Performer
#RUJCRU9Q9,x ᴀ ᴍ ᴏ,9,1200.0,6.666666666666667,1284.2799539041323,7.211102550927978,0.5555555555555556,0.2222222222222222,102.19907407407408,0,Inconsistent Contributor
#RUQYC92L0,ADRIAN KJRB,5,0.0,0.0,0.0,0.0,0.0,0.0,0.0,2,Low-Participation Player
#RV2Q08LP9,stdtv0,4,1300.0,8.0,1503.3296378372909,9.237604307034012,0.5,0.5,81.25,0,Inconsistent Contributor
#RY8J0CYCP,ismael,7,2414.285714285714,15.0,211.57009420498156,1.7320508075688776,1.0,0.7142857142857143,162.01923076923077,1,Reliable High Performer
#RYU002QGP,@vegazn.ff,7,2735.714285714286,16.0,291.13897843110044,0.0,1.0,1.0,170.98214285714286,1,Reliable High Performer
#U0P0PJJ2R,ケビン・アンドレ,7,2078.5714285714284,10.857142857142858,1290.6255404703122,6.4142698058981855,0.8571428571428571,0.42857142857142855,158.77976190476193,0,Inconsistent Contributor
#U2P8UGU2L,reidelas,6,1516.6666666666667,9.833333333333334,1195.68669251885,7.756717518813398,0.6666666666666666,0.3333333333333333,103.125,0,Inconsistent Contributor
#U2RJPPGY8,Nombre,3,1216.6666666666667,6.666666666666667,1469.9773240881416,8.32666399786453,0.6666666666666666,0.3333333333333333,126.04166666666667,0,Inconsistent Contributor
#U8L88PUJU,for nothing!,7,2607.1428571428573,13.285714285714286,569.6699127773991,1.889822365046136,1.0,0.2857142857142857,195.82188644688645,1,Reliable High Performer
#U8Q9CGYU,⚡Agustin⚡,7,2828.5714285714284,13.714285714285714,493.16760408028193,2.138089935299395,1.0,0.42857142857142855,206.1011904761905,1,Reliable High Performer
#U8U0JCUYJ,pocketflax,3,2200.0,10.666666666666666,1907.8784028338912,9.237604307034013,0.6666666666666666,0.6666666666666666,137.5,0,Inconsistent Contributor
#U92LRVR9U,tij0liN,7,2785.714285714286,16.0,271.8980901524897,0.0,1.0,1.0,174.10714285714286,1,Reliable High Performer
#U9Q2RY9G0,Schmacko,3,0.0,0.0,0.0,0.0,0.0,0.0,0.0,2,Low-Participation Player
#U9R0LLVUY,messi G.O.A.T,6,966.6666666666666,4.666666666666667,1544.884030167529,7.339391437078872,0.3333333333333333,0.16666666666666666,68.40277777777777,0,Inconsistent Contributor
#UC9J89QRY,RUM SHIP,7,242.85714285714286,1.1428571428571428,415.76092031014997,1.9518001458970664,0.2857142857142857,0.0,60.714285714285715,2,Low-Participation Player
#UCP0RPG,Flo 5,4,2825.0,16.0,322.7486121839514,0.0,1.0,1.0,176.5625,1,Reliable High Performer
#UCPU02LC,CatchTheseHands,7,2392.8571428571427,16.0,357.5711717366808,0.0,1.0,1.0,149.55357142857142,1,Reliable High Performer
#UGRGUVL2U,Tom,3,0.0,0.0,0.0,0.0,0.0,0.0,0.0,2,Low-Participation Player
#UJRV020U8,Labarewski,7,2642.8571428571427,15.714285714285714,280.5182279112646,0.7559289460184545,1.0,0.8571428571428571,167.85714285714286,1,Reliable High Performer
#UL2RGLCV8,Andre1990,4,1850.0,10.5,1369.3063937629154,7.187952884282608,0.75,0.25,131.17559523809524,0,Inconsistent Contributor
#UL9ULVLJR,if,7,1707.142857142857,10.428571428571429,1245.467974775135,7.5687326736854885,0.7142857142857143,0.5714285714285714,118.15476190476191,0,Inconsistent Contributor
#ULU0GVYL2,fernobarbaro,4,1050.0,7.0,1236.9316876852981,8.246211251235321,0.5,0.25,75.0,0,Inconsistent Contributor
#ULV0RPYJR,Always Lucky,7,571.4285714285714,4.571428571428571,543.7961803049794,4.27617987059879,0.5714285714285714,0.0,71.42857142857143,2,Low-Participation Player
#UPC8VUVY9,tito♦️,6,683.3333333333334,4.0,1059.087657687817,6.196773353931867,0.3333333333333333,0.0,56.944444444444436,0,Inconsistent Contributor
#UQ0R8VU2L,Asad,3,0.0,0.0,0.0,0.0,0.0,0.0,0.0,2,Low-Participation Player
#UQG9J00G2,Rodrigotd2,7,2957.1428571428573,16.0,274.51255500822333,0.0,1.0,1.0,184.82142857142858,1,Reliable High Performer
#UQJVY8JPL,carnage❤️garran,6,0.0,0.0,0.0,0.0,0.0,0.0,0.0,2,Low-Participation Player
#UQV8Y29PV,Muk | ⚡ Jack ⚡,3,0.0,0.0,0.0,0.0,0.0,0.0,0.0,2,Low-Participation Player
#UR2CRQJG0,*Abdulla*�,5,0.0,0.0,0.0,0.0,0.0,0.0,0.0,2,Low-Participation Player
#URRU9QC9U,NAME,9,977.7777777777778,4.444444444444445,1495.641816894822,6.765927710061479,0.3333333333333333,0.1111111111111111,73.14814814814815,0,Inconsistent Contributor
#URUGGPG88,ToxicRyan ||,4,0.0,0.0,0.0,0.0,0.0,0.0,0.0,2,Low-Participation Player
#UU80J2QL,⚡☄️RickBone☠️⚡,4,2537.5,16.0,280.99525500145614,0.0,1.0,1.0,158.59375,1,Reliable High Performer
#UU80U8U90,Vinola_09,7,2721.4285714285716,16.0,310.72112745614686,0.0,1.0,1.0,170.08928571428572,1,Reliable High Performer
#UUVCRJYUC,EW,7,2457.1428571428573,14.0,538.0741673076393,2.5819888974716116,1.0,0.5714285714285714,174.91071428571428,1,Reliable High Performer
#UV28VJUG8,Hudson-Odoi 2JR,6,375.0,2.6666666666666665,606.4239441183041,4.131182235954578,0.3333333333333333,0.0,46.875,2,Low-Participation Player
#UVCGJYL22,DooGMaL HaHaHa,3,1933.3333333333333,10.666666666666666,1674.3157806499148,9.237604307034013,0.6666666666666666,0.6666666666666666,120.83333333333333,0,Inconsistent Contributor
#UYPQGPJRP,Ford Android,5,1020.0,5.6,1089.495295997188,6.6932802122726045,0.6,0.2,118.75,0,Inconsistent Contributor
#V02YCQ20G,おむ,7,1750.0,8.714285714285714,1478.738200854589,6.701101544131524,0.7142857142857143,0.2857142857142857,138.6904761904762,0,Inconsistent Contributor
#V28C029GL,GJ⚡️F3L!X2005⚡️,5,2570.0,14.4,288.5307609250701,2.1908902300206643,1.0,0.6,180.0,1,Reliable High Performer
#V2L2J9GLQ,アンちゃん,7,2092.8571428571427,10.285714285714286,1617.2065863262935,7.609517849690734,0.7142857142857143,0.5714285714285714,142.41071428571428,0,Inconsistent Contributor
#V2Y2GQCJL,LILKAMVERT,3,0.0,0.0,0.0,0.0,0.0,0.0,0.0,2,Low-Participation Player
#V8UCG9UVQ,chickenuuget,7,2610.714285714286,15.428571428571429,442.4969733552665,1.5118578920369092,1.0,0.8571428571428571,169.3452380952381,1,Reliable High Performer
#V9LPU9GJY,mmmmmmmmaaaammm,5,2890.0,16.0,178.18529681205462,0.0,1.0,1.0,180.625,1,Reliable High Performer
#V9R9CG92J,BBB I Perti 2,7,285.7142857142857,1.7142857142857142,755.9289460184544,4.535573676110727,0.14285714285714285,0.0,23.809523809523807,2,Low-Participation Player
#V9V9YP2VC,caedye,3,2100.0,10.666666666666666,1824.8287590894658,9.237604307034013,0.6666666666666666,0.6666666666666666,131.25,0,Inconsistent Contributor
#VCGCPVYCC,KingMaster3000,5,2140.0,12.8,1342.2928145527712,7.155417527999327,0.8,0.8,133.75,0,Inconsistent Contributor
#VCJQJQ922,3JlaTuK,5,1470.0,7.2,1436.8368035375486,7.155417527999327,0.6,0.2,123.54166666666667,0,Inconsistent Contributor
#VCVLCQPQY,Insta:anxo0s,3,0.0,0.0,0.0,0.0,0.0,0.0,0.0,2,Low-Participation Player
#VCYYP8UP,NinjaApple123,7,2028.5714285714287,12.857142857142858,422.1543387367773,2.267786838055363,1.0,0.2857142857142857,157.58928571428572,1,Reliable High Performer
#VG9JJQY8J,BBB✨Darkvortex✨,3,1800.0,13.333333333333334,576.6281297335398,4.618802153517007,1.0,0.6666666666666666,140.625,1,Reliable High Performer
#VGU09C8RP,オルゴ・デミーラ,7,678.5714285714286,3.7142857142857144,1120.2146903076,5.707138387268052,0.42857142857142855,0.0,68.45238095238095,0,Inconsistent Contributor
#VJC80YJC,Floki,5,1820.0,11.4,1188.2760622010358,6.618156843109719,0.8,0.4,127.5,0,Inconsistent Contributor
#VLPUU2P9P,☠AndersonT☠,4,0.0,0.0,0.0,0.0,0.0,0.0,0.0,2,Low-Participation Player
#VLQJPVV80,江口丸,6,1333.3333333333333,9.333333333333334,1161.751551178937,7.8655366420014,0.6666666666666666,0.5,94.79166666666667,0,Inconsistent Contributor
#VLRUQU0QP,BOPE | ♨️Kveira,3,0.0,0.0,0.0,0.0,0.0,0.0,0.0,2,Low-Participation Player
#VP0U80Q8L,rf9,6,791.6666666666666,4.666666666666667,1227.3616690554852,7.339391437078872,0.3333333333333333,0.16666666666666666,57.46527777777777,0,Inconsistent Contributor
#VP28VCLVU,Flame,3,0.0,0.0,0.0,0.0,0.0,0.0,0.0,2,Low-Participation Player
#VP8LU9PGV,つばさちゃんぼんばー,8,1075.0,6.0,1487.5675254781354,8.28078671210825,0.375,0.375,67.1875,0,Inconsistent Contributor
#VP8PQ2Y89,Zack,7,2500.0,15.428571428571429,290.1149197588202,1.511857892036909,1.0,0.8571428571428571,162.20238095238096,1,Reliable High Performer
#VPQCLGQU,RUSVIN™ BR,7,3107.1428571428573,16.0,327.1449365706422,0.0,1.0,1.0,194.19642857142858,1,Reliable High Performer
#VQQLRRGRR,HumBleGuY,8,1812.5,9.0,1594.1298566929859,7.6345081233642205,0.625,0.375,124.47916666666667,0,Inconsistent Contributor
#VQV80VJCV,Ares⚡️,4,225.0,1.0,450.0,2.0,0.25,0.0,56.25,2,Low-Participation Player
#VR28YQP9Q,maite,4,1575.0,8.0,1818.6533479473212,9.237604307034012,0.5,0.5,98.4375,0,Inconsistent Contributor
#VRCUJ20G,Pac✨thfc,3,0.0,0.0,0.0,0.0,0.0,0.0,0.0,2,Low-Participation Player
#VRG9QLRYY,cirito,3,0.0,0.0,0.0,0.0,0.0,0.0,0.0,2,Low-Participation Player
#VRQ2P80LL,MWF｜Kenny❄️,4,137.5,1.0,275.0,2.0,0.25,0.0,34.375,2,Low-Participation Player
#VVV2LYQ,BBB ᗪIᑭᑭᗴᖇシ ᵗᵐ,5,1180.0,5.6,1625.4230218623088,7.797435475847171,0.4,0.2,85.0,0,Inconsistent Contributor
#VYCL90C0R,Timbosui,5,2510.0,12.8,1459.6232390586279,7.155417527999327,0.8,0.8,156.875,0,Inconsistent Contributor
#VYRCCPRLJ,Carnag3,3,300.0,1.3333333333333333,519.6152422706632,2.3094010767585034,0.3333333333333333,0.0,75.0,2,Low-Participation Player
#VYYQJVP9L,Hi,5,0.0,0.0,0.0,0.0,0.0,0.0,0.0,2,Low-Participation Player
#Y0RCYVUQ2,Lil Josh,3,533.3333333333334,4.0,923.7604307034012,6.928203230275509,0.3333333333333333,0.0,44.44444444444445,0,Inconsistent Contributor
#Y0Y2J8CRU,CHRIS,7,2364.285714285714,14.857142857142858,295.4012605963366,1.9518001458970662,1.0,0.7142857142857143,160.5654761904762,1,Reliable High Performer
#Y2G9LJVGY,Agent,4,2637.5,14.0,335.09948771471835,2.309401076758503,1.0,0.5,189.32291666666666,1,Reliable High Performer
#Y80PLPPLJ,ダニエル⁠・daniqm,3,1583.3333333333333,10.0,1373.2564703409678,8.717797887081348,0.6666666666666666,0.3333333333333333,105.80357142857143,0,Inconsistent Contributor
#Y88Y02VU2,早上好Jhplay123❤️R,5,0.0,0.0,0.0,0.0,0.0,0.0,0.0,2,Low-Participation Player
#Y8RLLVY2P,BBBTRAINERDADDY,4,1062.5,6.0,1247.2469683266422,6.928203230275509,0.5,0.0,88.54166666666666,0,Inconsistent Contributor
#Y8VL0JYJY,adanr967,4,0.0,0.0,0.0,0.0,0.0,0.0,0.0,2,Low-Participation Player
#Y9089PCQQ,Patron Memo,4,0.0,0.0,0.0,0.0,0.0,0.0,0.0,2,Low-Participation Player
#Y992UG9P2,Seto Kaiba｜波多黎各,7,2635.714285714286,13.142857142857142,492.2010816342288,1.9518001458970662,1.0,0.2857142857142857,199.70238095238093,1,Reliable High Performer
#Y9R8GURUP,Rizzo,7,2578.5714285714284,13.714285714285714,571.443452187195,3.147183169877773,1.0,0.5714285714285714,190.4761904761905,1,Reliable High Performer
#Y9YVPR90J,KempLuc,4,1275.0,8.5,928.7087810503355,6.60807586719967,0.75,0.25,116.875,0,Inconsistent Contributor
#YGG2C808,Azriel23,6,191.66666666666666,1.5,469.48553403344243,3.6742346141747673,0.16666666666666666,0.0,21.296296296296294,2,Low-Participation Player
#YJCYUVCG0,lilofy,3,0.0,0.0,0.0,0.0,0.0,0.0,0.0,2,Low-Participation Player
#YJP22LJ8G,おつんぽ様,7,1914.2857142857142,10.857142857142858,1414.42399516384,7.559289460184544,0.7142857142857143,0.5714285714285714,124.85119047619048,0,Inconsistent Contributor
#YLLQ9V9C8,Dukeypoo❤️Zo,6,837.5,4.0,1063.6905094998262,5.059644256269407,0.5,0.0,103.99305555555556,0,Inconsistent Contributor
#YPUGLGJYQ,Allshouse™️,4,0.0,0.0,0.0,0.0,0.0,0.0,0.0,2,Low-Participation Player
#YQ0L9GU9R,•¥Enchantica¥•,7,2757.1428571428573,14.285714285714286,567.4714173628568,3.147183169877773,1.0,0.7142857142857143,194.9404761904762,1,Reliable High Performer
#YQ8P98V0C,olli,4,450.0,4.0,900.0,8.0,0.25,0.25,28.125,0,Inconsistent Contributor
#YQ9Q98LC0,tronu,6,0.0,0.0,0.0,0.0,0.0,0.0,0.0,2,Low-Participation Player
#YQGQP80Y,Cuttsy,7,2414.285714285714,14.857142857142858,373.8474351415357,1.9518001458970662,1.0,0.7142857142857143,163.6904761904762,1,Reliable High Performer
#YR8V98P2Q,Clasher,5,2580.0,15.0,361.5936946352909,1.7320508075688774,1.0,0.6,173.79166666666669,1,Reliable High Performer
#YRVYR9LUQ,GuiZzim CR,5,2970.0,16.0,175.35677916750183,0.0,1.0,1.0,185.625,1,Reliable High Performer
#YUCQPUVGL,polski koks v2,3,0.0,0.0,0.0,0.0,0.0,0.0,0.0,2,Low-Participation Player
#YUQY2YRC,carnage❤️Lacy,9,1100.0,5.333333333333333,1282.575533838066,6.324555320336759,0.5555555555555556,0.1111111111111111,117.36111111111111,0,Inconsistent Contributor
#YVL9RLC2C,guccy,7,1721.4285714285713,9.142857142857142,1510.4792679966247,7.559289460184544,0.7142857142857143,0.42857142857142855,131.69642857142858,0,Inconsistent Contributor
#YVV2P20JY,爆裂ビビンバ,7,892.8571428571429,5.142857142857143,1312.8939318126488,7.559289460184544,0.42857142857142855,0.2857142857142857,74.55357142857143,0,Inconsistent Contributor
